"Date","Corp.GrossProfit","Corp.Depreciation","Corp.OpEx.EmpComp","Corp.OpEx.EmpComp.WageSalary","Corp.OpEx.EmpComp.Supplements","Corp.OpEx.TaxOnProductionLessSubsidy","Corp.NetOpSurplus","Corp.Interest","Corp.Transfers","Corp.IncomeTax","Corp.Dividends","Corp.IVA","Corp.CCAdj","Corp.EBT.GAAP","Corp.NetIncome.GAAP","Corp.RetainedEarnings.GAAP","Corp.EBT.NonGAAP","Corp.NetIncome.NonGAAP","Corp.RetainedEarnings.NonGAAP","Corp.ReceiptsRestOfWorld","Corp.PaymentsToRestOfWorld","Corp.OpEx","Corp.PayoutRatio","Corp.RetentionRatio","Corp.TaxRate"
"1947Q1",120994,9036,79192,75216,3976,11180,21586,351,664,11496,5432,-9652,-2359,32582,21086,15654,20571,9075,3643,NA,NA,90372,0.598567493112948,0.401432506887052,1.26677685950413
"1947Q2",125842,9561,80540,76488,4052,11276,24465,321,621,10880,5680,-4676,-2509,30708,19828,14148,23523,12643,6963,NA,NA,91816,0.449260460333782,0.550739539666218,0.8605552479633
"1947Q3",128759,10059,82776,78572,4204,11500,24424,262,546,10724,5924,-4048,-2648,30312,19588,13664,23616,12892,6968,NA,NA,94276,0.459509773502948,0.540490226497052,0.831833695314924
"1947Q4",134417,10529,86036,81688,4348,12144,25708,173,532,11672,5792,-5220,-2776,32999,21327,15535,25003,13331,7539,NA,NA,98180,0.434476033305829,0.565523966694171,0.875553221813817
"1948Q1",141649,10972,89008,84836,4172,12240,29428,89,569,12008,6376,-2876,-2892,34539,22531,16155,28771,16763,10387,NA,NA,101248,0.380361510469486,0.619638489530514,0.716339557358468
"1948Q2",144979,11356,89820,85648,4172,12744,31060,12,574,12648,5972,-2868,-2965,36305,23657,17685,30473,17825,11853,NA,NA,102564,0.335035063113604,0.664964936886395,0.709565217391304
"1948Q3",147673,11680,92612,88380,4232,12936,30445,-28,575,12408,6436,-2796,-2993,35687,23279,16843,29898,17490,11054,NA,NA,105548,0.36798170383076,0.63201829616924,0.709433962264151
"1948Q4",149954,11944,93004,88732,4272,13076,31930,-44,588,11952,6684,-68,-2978,34432,22480,15796,31385,19433,12749,NA,NA,106080,0.343951011166572,0.656048988833428,0.615036278495343
"1949Q1",146620,12149,91072,86804,4268,13096,30303,-20,543,10836,6564,1404,-2919,31295,20459,13895,29780,18944,12380,NA,NA,104168,0.346494932432432,0.653505067567568,0.572001689189189
"1949Q2",142641,12336,88992,84608,4384,13308,28005,-29,537,9520,6540,2836,-2864,27524,18004,11464,27496,17976,11436,NA,NA,102300,0.363818424566088,0.636181575433912,0.529595015576324
"1949Q3",143434,12506,88084,83636,4448,13552,29293,-54,540,9936,6440,2984,-2812,28636,18700,12260,28807,18871,12431,NA,NA,101636,0.341264373907053,0.658735626092947,0.526522176885168
"1949Q4",139393,12657,87044,82512,4532,13528,26164,-86,602,9748,6852,200,-2765,28213,18465,11613,25648,15900,9048,NA,NA,100572,0.430943396226415,0.569056603773585,0.613081761006289
"1950Q1",146682,12790,90624,85480,5144,13836,29432,-88,592,13440,7576,-700,-2721,32349,18909,11333,28928,15488,7912,NA,NA,104460,0.489152892561983,0.510847107438017,0.867768595041322
"1950Q2",156524,13043,95640,90192,5448,14516,33326,-121,641,16108,7752,-3316,-2718,38839,22731,14979,32805,16697,8945,NA,NA,110156,0.464275019464575,0.535724980535425,0.964724201952447
"1950Q3",168459,13414,101640,95788,5852,15812,37593,-148,723,19724,8216,-7304,-2755,47077,27353,19137,37017,17293,9077,NA,NA,117452,0.475105534031111,0.524894465968889,1.14057711212629
"1950Q4",176791,13905,106712,100496,6216,15120,41054,-174,820,21640,8660,-8540,-2834,51781,30141,21481,40408,18768,10108,NA,NA,121832,0.461423699914749,0.538576300085251,1.15302642796249
"1951Q1",182052,14515,111332,104600,6732,16216,39989,-184,942,26048,7592,-8724,-2953,50909,24861,17269,39232,13184,5592,NA,NA,127548,0.575849514563107,0.424150485436893,1.97572815533981
"1951Q2",184648,15007,114548,107560,6988,15416,39677,-210,1010,22004,7748,-1012,-3012,42901,20897,13149,38876,16872,9124,NA,NA,129964,0.459222380275012,0.540777619724988,1.30417259364628
"1951Q3",186488,15382,115356,108288,7068,15636,40114,-235,1036,19888,7660,3464,-3013,38862,18974,11314,39313,19425,11765,NA,NA,130992,0.394337194337194,0.605662805662806,1.02383526383526
"1951Q4",189972,15640,116976,109684,7292,16144,41212,-260,1079,21276,7652,1476,-2954,41872,20596,12944,40394,19118,11466,NA,NA,133120,0.400251072287896,0.599748927712104,1.11287791610001
"1952Q1",191255,15780,119908,112544,7364,16644,38923,-265,1066,19528,7284,1272,-2836,39686,20158,12874,38122,18594,11310,NA,NA,136552,0.391739270732494,0.608260729267506,1.05023125739486
"1952Q2",190354,15970,120144,112732,7412,17208,37032,-269,1051,18372,7916,1156,-2693,37787,19415,11499,36249,17877,9961,NA,NA,137352,0.442803602394138,0.557196397605862,1.02768920959893
"1952Q3",193134,16211,122520,114964,7556,17488,36914,-252,1011,18308,7780,700,-2527,37982,19674,11894,36156,17848,10068,NA,NA,140008,0.435903182429404,0.564096817570596,1.02577319587629
"1952Q4",205365,16503,129488,121720,7768,17984,41390,-212,1022,20220,8032,796,-2336,42120,21900,13868,40580,20360,12328,NA,NA,147472,0.394499017681729,0.605500982318271,0.993123772102161
"1953Q1",209942,16845,132400,124420,7980,18324,42373,-129,1035,21284,7636,-432,-2121,44021,22737,15101,41468,20184,12548,NA,NA,150724,0.378319460959176,0.621680539040824,1.05449861276258
"1953Q2",212171,17164,134888,126744,8144,18556,41563,-71,1025,21376,8308,-1596,-1930,44134,22758,14450,40609,19233,10925,NA,NA,153444,0.431965891956533,0.568034108043467,1.11142307492331
"1953Q3",211630,17459,135044,126756,8288,18600,40526,-16,964,20876,8304,-2004,-1762,43345,22469,14165,39578,18702,10398,NA,NA,153644,0.444016682707732,0.555983317292268,1.11624425195166
"1953Q4",202993,17732,133608,125284,8324,18392,33260,33,899,16240,8128,44,-1619,33903,17663,9535,32329,16089,7961,NA,NA,152000,0.50518988128535,0.49481011871465,1.00938529430045
"1954Q1",203265,17982,131760,123236,8524,17960,35562,123,771,16096,8420,-12,-1499,36179,20083,11663,34668,18572,10152,NA,NA,149720,0.453370665517984,0.546629334482016,0.866681025199225
"1954Q2",204066,18225,131096,122616,8480,17908,36837,155,690,16612,7836,-36,-1257,37285,20673,12837,35991,19379,11543,NA,NA,149004,0.404355229888023,0.595644770111977,0.857216574642654
"1954Q3",206289,18462,131260,122648,8612,17752,38815,176,669,17660,8184,-684,-894,39549,21889,13705,37971,20311,12127,NA,NA,149012,0.402934370538132,0.597065629461868,0.869479592339127
"1954Q4",213841,18691,134732,125900,8832,18128,42290,185,744,19024,8104,-540,-409,42311,23287,15183,41361,22337,14233,NA,NA,152860,0.362806106460133,0.637193893539867,0.85168106728746
"1955Q1",223759,18913,138296,128972,9324,18908,47642,177,897,21132,8692,-1108,197,47479,26347,17655,46568,25436,16744,NA,NA,157204,0.341720396288725,0.658279603711275,0.83079100487498
"1955Q2",230857,19260,142860,133184,9676,19668,49069,162,1041,21380,8928,-884,546,48204,26824,17896,47867,26487,17559,NA,NA,162528,0.337071015970099,0.662928984029902,0.807188432061011
"1955Q3",235619,19734,146608,136620,9988,20208,49069,132,1164,21888,9460,-2192,637,49327,27439,17979,47773,25885,16425,NA,NA,166816,0.365462623140815,0.634537376859185,0.845586246861116
"1955Q4",241970,20333,150736,140500,10236,20488,50413,89,1278,22756,9524,-2760,471,51335,28579,19055,49046,26290,16766,NA,NA,171224,0.362267021681248,0.637732978318752,0.865576264739445
"1956Q1",243817,21058,153800,143064,10736,20840,48118,57,1361,21684,9684,-2912,47,49565,27881,18197,46700,25016,15332,NA,NA,174640,0.387112248161177,0.612887751838823,0.866805244643428
"1956Q2",248071,21760,156844,145828,11016,21160,48307,19,1405,22096,9772,-3644,-256,50782,28686,18914,46882,24786,15014,NA,NA,178004,0.394254821270072,0.605745178729928,0.891470991688857
"1956Q3",250628,22439,158636,147332,11304,21712,47841,0,1436,20728,9732,-1192,-437,48035,27307,17575,46405,25677,15945,NA,NA,180348,0.379016240214978,0.620983759785022,0.807259415040698
"1956Q4",257696,23094,163420,151796,11624,22360,48821,-3,1510,21856,10288,-3024,-497,50835,28979,18691,47314,25458,15170,NA,NA,185780,0.404116584177862,0.595883415822138,0.858512059077697
"1957Q1",262357,23727,165664,153508,12156,22724,50243,30,1566,22344,10324,-2424,-435,51506,29162,18838,48647,26303,15979,NA,NA,188388,0.392502756339581,0.607497243660419,0.849484849636924
"1957Q2",262481,24315,166488,154096,12392,22992,48686,90,1595,21356,10268,-1508,-442,48951,27595,17327,47001,25645,15377,NA,NA,189480,0.400389939559368,0.599610060440632,0.832754922986937
"1957Q3",263538,24858,167724,155100,12624,23060,47896,195,1574,20864,10456,-1280,-519,47926,27062,16606,46128,25264,14808,NA,NA,190784,0.413869537682077,0.586130462317923,0.825839138695377
"1957Q4",258268,25357,166124,153404,12720,22456,44331,343,1573,18956,10548,-944,-664,44022,25066,14518,42415,23459,12911,NA,NA,188580,0.449635534336502,0.550364465663498,0.808048083891044
"1958Q1",249796,25811,162024,149628,12396,22976,38984,573,1526,16328,10524,-220,-878,37984,21656,11132,36886,20558,10034,NA,NA,185000,0.5119175017025,0.4880824982975,0.794240684891526
"1958Q2",249456,26227,160192,147824,12368,22860,40176,642,1474,16676,10504,312,-980,38728,22052,11548,38060,21384,10880,NA,NA,183052,0.491208380097269,0.508791619902731,0.779835390946502
"1958Q3",258235,26604,164336,151752,12584,23056,44239,590,1394,18908,10340,-244,-969,43468,24560,14220,42255,23347,13007,NA,NA,187392,0.442883453976956,0.557116546023044,0.809868505589583
"1958Q4",269836,26942,169356,156368,12988,23656,49883,417,1332,21848,10056,-868,-845,49846,27998,17942,48133,26285,16229,NA,NA,193012,0.382575613467757,0.617424386532243,0.831196499904889
"1959Q1",279399,27240,174612,161092,13520,24412,53134,43,1326,22796,11004,-628,-608,53002,30206,19202,51765,28969,17965,NA,NA,199024,0.379854327039249,0.620145672960751,0.786910145327764
"1959Q2",291226,27512,181080,166472,14608,24900,57734,-170,1377,24952,11516,-996,-335,57858,32906,21390,56527,31575,20059,NA,NA,205980,0.364718923198733,0.635281076801267,0.790245447347585
"1959Q3",287681,27756,181480,166472,15008,25960,52485,-299,1386,22108,11876,-332,-27,51757,29649,17773,51398,29290,17414,NA,NA,207440,0.40546261522704,0.59453738477296,0.754796858996244
"1959Q4",291479,27972,183984,168524,15460,26940,52583,-348,1436,21408,12080,848,318,50328,28920,16840,51495,30087,18007,NA,NA,210924,0.40150230996776,0.59849769003224,0.711536544022335
"1960Q1",302111,28161,190116,173976,16140,27112,56722,-320,1493,24164,12224,-868,699,55718,31554,19330,55549,31385,19161,NA,NA,217228,0.389485422972758,0.610514577027242,0.769921937231161
"1960Q2",300336,28367,191556,175240,16316,27548,52864,-251,1488,22116,12240,-604,972,51260,29144,16904,51628,29512,17272,NA,NA,219104,0.414746543778802,0.585253456221198,0.74939007861209
"1960Q3",299944,28591,191104,174816,16288,28172,52077,-154,1499,21132,12560,516,1136,49079,27947,15387,50731,29599,17039,NA,NA,219276,0.424338660089868,0.575661339910132,0.713943038616169
"1960Q4",297129,28833,189980,173792,16188,28544,49773,-22,1532,20128,12204,264,1192,46806,26678,14474,48262,28134,15930,NA,NA,218524,0.433781190019194,0.566218809980806,0.715433283571479
"1961Q1",296314,29091,189820,173612,16208,28728,48675,224,1597,19956,11892,-76,1139,45791,25835,13943,46854,26898,15006,NA,NA,218548,0.442114655364711,0.557885344635289,0.741913896944011
"1961Q2",304677,29368,193292,176724,16568,28712,53305,377,1623,21424,12088,1016,1371,48919,27495,15407,51305,29881,17793,NA,NA,222004,0.404538000736254,0.595461999263746,0.716977343462401
"1961Q3",311809,29662,197084,180044,17040,28992,56071,505,1667,22716,12136,324,1886,51689,28973,16837,53899,31183,19047,NA,NA,226076,0.389186415675208,0.610813584324792,0.728473847929962
"1961Q4",322118,29974,202020,184360,17660,29328,60795,621,1715,24716,12656,-180,2685,55955,31239,18583,58460,33744,21088,NA,NA,231348,0.375059269796112,0.624940730203888,0.732456140350877
"1962Q1",327969,30304,205920,187548,18372,30012,61733,788,1766,23144,12968,444,3767,54968,31824,18856,59179,36035,23067,NA,NA,235932,0.359872346329957,0.640127653670043,0.642264465103372
"1962Q2",333549,30649,210512,191472,19040,30860,61528,816,1816,22860,13220,-124,4619,54402,31542,18322,58897,36037,22817,NA,NA,241372,0.366845186891251,0.633154813108749,0.634348031190166
"1962Q3",338643,31008,212728,193268,19460,31728,63179,773,1877,23552,13436,-752,5239,56041,32489,19053,60528,36976,23540,NA,NA,244456,0.363370835136305,0.636629164863695,0.636953699697101
"1962Q4",343640,31382,214828,194996,19832,32336,65094,662,1950,23628,12996,536,5627,56318,32690,19694,62481,38853,25857,NA,NA,247164,0.334491545054436,0.665508454945564,0.608138367693614
"1963Q1",347425,31771,217324,197188,20136,32652,65678,450,2176,23720,13844,984,5784,56284,32564,18720,63053,39333,25489,NA,NA,249976,0.351969084483767,0.648030915516233,0.60305595810134
"1963Q2",354918,32185,220884,200316,20568,32956,68893,354,2267,25412,14404,216,5949,60108,34696,20292,66273,40861,26457,NA,NA,253840,0.352512175423998,0.647487824576002,0.621913315875774
"1963Q3",360599,32623,224340,203384,20956,33332,70304,349,2310,26116,14632,-232,6120,61757,35641,21009,67645,41529,26897,NA,NA,257672,0.352332105275831,0.647667894724169,0.62886175925257
"1963Q4",366509,33085,228120,206780,21340,33740,71564,431,2394,26716,14888,-752,6299,63192,36476,21588,68739,42023,27135,NA,NA,261860,0.354282178806844,0.645717821193156,0.635747090878804
"1964Q1",375561,33572,231996,210264,21732,34372,75621,632,2496,26396,15716,-236,6484,66245,39849,24133,72493,46097,30381,NA,NA,266368,0.340933249452242,0.659066750547758,0.572618608586242
"1964Q2",382406,34103,236860,214652,22208,35180,76263,774,2577,26400,16444,-144,6667,66389,39989,23545,72912,46512,30068,NA,NA,272040,0.353543171654627,0.646456828345373,0.567595459236326
"1964Q3",390321,34677,241880,219196,22684,36008,77755,886,2902,26980,16792,-900,6847,68020,41040,24248,73967,46987,30195,NA,NA,277888,0.35737544427182,0.64262455572818,0.574201374848362
"1964Q4",395642,35296,245984,222888,23096,36792,77570,974,3014,26516,17340,-696,7025,67254,40738,23398,73583,47067,29727,NA,NA,282776,0.368410988590732,0.631589011409268,0.563367114963775
"1965Q1",410158,35958,251604,227992,23612,37288,85308,1053,3184,28344,16876,-400,7200,74271,45927,29051,81071,52727,35851,NA,NA,288892,0.32006372446754,0.67993627553246,0.537561401179661
"1965Q2",418114,36695,256280,232092,24188,37696,87443,1151,3190,29232,17588,-1120,7360,76862,47630,30042,83101,53869,36281,NA,NA,293976,0.326495758228295,0.673504241771705,0.542649761458353
"1965Q3",426397,37509,261748,236792,24956,38072,89068,1285,3138,29760,18608,-1520,7504,78661,48901,30293,84645,54885,36277,NA,NA,299820,0.339036166530017,0.660963833469983,0.542224651544138
"1965Q4",440441,38398,269824,243736,26088,38208,94011,1458,3040,31736,19612,-1940,7633,83821,52085,32473,89513,57777,38165,NA,NA,308032,0.339443030963878,0.660556969036122,0.549284317288887
"1966Q1",453023,39363,277456,249832,27624,38476,97728,1746,2955,32708,19968,-1196,7746,86478,53770,33802,93028,60320,40352,NA,NA,315932,0.331034482758621,0.668965517241379,0.542241379310345
"1966Q2",461584,40347,285652,256764,28888,38792,96792,2059,2850,32628,19588,-2664,7831,86716,54088,34500,91883,59255,39667,NA,NA,324444,0.330571259809299,0.669428740190701,0.550637077039912
"1966Q3",468749,41352,292772,262828,29944,39044,95580,2478,2822,32156,19452,-3612,7887,86005,53849,34397,90280,58124,38672,NA,NA,331816,0.334663822173285,0.665336177826715,0.553231023329434
"1966Q4",477004,42378,298232,267572,30660,39340,97055,3000,2871,31436,18900,-956,7915,84225,52789,33889,91184,59748,40848,NA,NA,337572,0.316328580036152,0.683671419963848,0.526143134498226
"1967Q1",479934,43423,301348,270776,30572,39828,95335,3738,2959,30632,20112,-372,7914,81096,50464,30352,88638,58006,37894,NA,NA,341176,0.346722752818674,0.653277247181326,0.528083301727407
"1967Q2",484265,44510,304340,273488,30852,40532,94883,4109,3073,30344,20868,-1324,7875,81150,50806,29938,87701,57357,36489,NA,NA,344872,0.363826559966525,0.636173440033475,0.529037432222745
"1967Q3",493785,45640,310724,279156,31568,41788,95633,4231,3206,30608,20464,-1728,7796,82128,51520,31056,88196,57588,37124,NA,NA,352512,0.355351809404737,0.644648190595263,0.531499617975967
"1967Q4",506703,46811,317260,284844,32416,43408,99223,4088,3307,32384,19504,-2792,7679,86941,54557,35053,91828,59444,39940,NA,NA,360668,0.328107126034587,0.671892873965413,0.544781643227239
"1968Q1",521176,48025,327761,294156,33605,45268,100121,3778,3441,36456,21980,-4676,7522,90056,53600,31620,92903,56447,34467,NA,NA,373029,0.389391818874342,0.610608181125658,0.645844774744451
"1968Q2",536540,49298,336062,301700,34362,47108,104072,3809,3641,37064,22100,-2924,7448,92098,55034,32934,96622,59558,37458,NA,NA,383170,0.371066859196078,0.628933140803922,0.622317740689748
"1968Q3",548510,50628,344075,308919,35156,48804,105002,4283,3804,37116,23084,-2952,7455,92412,55296,32212,96915,59799,36715,NA,NA,392879,0.386026522182645,0.613973477817355,0.62067927557317
"1968Q4",562217,52017,352829,316880,35950,50208,107163,5192,3965,38020,23360,-4052,7543,94515,56495,33135,98006,59986,36626,NA,NA,403037,0.389424198979762,0.610575801020238,0.633814556729904
"1969Q1",576663,53464,363859,325784,38074,51328,108013,6582,4216,38700,23004,-4932,7713,94434,55734,32730,97215,58515,35511,NA,NA,415187,0.393129966675211,0.606870033324789,0.661368879774417
"1969Q2",586857,54939,373325,334373,38952,52484,106110,7884,4330,37468,23388,-5220,7750,91367,53899,30511,93896,56428,33040,NA,NA,425809,0.414475083291983,0.585524916708017,0.663996597433898
"1969Q3",596500,56441,382459,342561,39898,53452,104148,9143,4334,36068,23276,-4936,7652,87954,51886,28610,90670,54602,31326,NA,NA,435911,0.426284751474305,0.573715248525695,0.660561884180067
"1969Q4",602589,57971,390172,349395,40777,54320,100126,10354,4268,35596,24020,-8392,7421,86475,50879,26859,85504,49908,25888,NA,NA,444492,0.48128556544041,0.51871443455959,0.713232347519436
"1970Q1",602415,59529,394435,353039,41395,55368,93083,11573,4048,31076,23452,-8792,7056,79199,48123,24671,77463,46387,22935,NA,NA,449803,0.505572682001423,0.494427317998577,0.669929074956346
"1970Q2",611165,61062,396480,354525,41956,56288,97334,12391,3853,31156,24024,-4580,6701,78970,47814,23790,81090,49934,25910,NA,NA,452768,0.481115071894901,0.518884928105099,0.623943605559338
"1970Q3",618424,62571,400818,358492,42327,57460,97575,12869,3610,32144,23796,-6248,6355,80988,48844,25048,81096,48952,25156,NA,NA,458278,0.48610884131394,0.51389115868606,0.656643242359863
"1970Q4",616504,64054,400305,357872,42433,58744,93400,13004,3471,30676,24188,-6588,6020,77494,46818,22630,76926,46250,22062,NA,NA,459049,0.522983783783784,0.477016216216216,0.663264864864865
"1971Q1",642716,65513,411275,367042,44233,60476,105452,12887,3420,34384,24688,-3608,5694,87060,52676,27988,89146,54762,30074,NA,NA,471751,0.450823563785106,0.549176436214894,0.627880647164092
"1971Q2",654543,66939,418670,373785,44885,62076,106858,12706,3374,35316,22980,-4668,5670,89776,54460,31480,90779,55463,32483,NA,NA,480746,0.414330274236879,0.585669725763121,0.636748823540018
"1971Q3",666049,68333,424325,378654,45671,63764,109627,12549,3394,34552,24648,-5608,5948,93344,58792,34144,93684,59132,34484,NA,NA,488089,0.416830142731516,0.583169857268484,0.584319826828113
"1971Q4",680372,69694,432325,385281,47044,64904,113449,12428,3462,34980,22460,-4452,6527,95483,60503,38043,97558,62578,40118,NA,NA,497229,0.358912077726997,0.641087922273003,0.558982389977308
"1972Q1",708004,71023,452785,401045,51740,65440,118756,12401,3702,37140,25452,-5816,7408,101061,63921,38469,102653,65513,40061,NA,NA,518225,0.388503045197136,0.611496954802863,0.566910384198556
"1972Q2",722134,72521,462777,409645,53132,66316,120520,12374,3824,37460,25280,-5848,7972,102197,64737,39457,104322,66862,41582,NA,NA,529093,0.378092189883641,0.621907810116359,0.560258442762705
"1972Q3",737739,74189,471165,417256,53908,67764,124621,12417,3961,38768,25160,-5820,8219,105844,67076,41916,108243,69475,44315,NA,NA,538929,0.362144656351205,0.637855343648795,0.558013673983447
"1972Q4",763729,76027,485950,431145,54805,69640,132112,12546,4073,43072,24800,-8956,8148,116300,73228,48428,115493,72421,47621,NA,NA,555590,0.342442109332928,0.657557890667072,0.594744618273705
"1973Q1",795210,78035,507120,446610,60510,71612,138443,12908,4523,46016,25700,-15828,7761,129079,83063,57363,121012,74996,49296,NA,NA,578732,0.342684943196971,0.657315056803029,0.613579390900848
"1973Q2",809422,80416,519827,458804,61024,73396,135783,13734,4844,46036,27168,-21052,7233,131025,84989,57821,117205,71169,44001,NA,NA,593223,0.381739240399612,0.618260759600388,0.646854669870309
"1973Q3",826644,83171,531699,470073,61625,75208,136566,15162,4780,43984,28468,-18680,6564,128741,84757,56289,116625,72641,44173,NA,NA,606907,0.391899891245991,0.608100108754009,0.605498272325546
"1973Q4",849558,86299,545608,482819,62789,76284,141367,17172,5071,46492,28456,-22716,5754,136085,89593,61137,119124,72632,44176,NA,NA,621892,0.391783236039211,0.608216763960789,0.640103535631678
"1974Q1",861496,89800,558151,492904,65247,76868,136677,19895,5697,44604,27444,-31768,4804,138048,93444,66000,111085,66481,39037,NA,NA,635019,0.412809674944721,0.587190325055279,0.670928535972684
"1974Q2",882651,93696,572026,505032,66994,77932,138996,22200,6035,46664,30672,-36744,3462,144043,97379,66707,110761,64097,33425,NA,NA,649958,0.47852473594708,0.52147526405292,0.728021592274209
"1974Q3",901700,97988,586695,517268,69427,79040,137977,24229,6488,51512,29844,-50016,1728,155548,104036,74192,107260,55748,25904,NA,NA,665735,0.535337590586209,0.464662409413791,0.924015211308029
"1974Q4",912468,102675,592416,520392,72024,80656,136720,25977,6906,46160,28056,-34356,-399,138592,92432,64376,103837,57677,29621,NA,NA,673072,0.486433066907086,0.513566933092914,0.800319017979437
"1975Q1",918738,107758,589741,514206,75535,82124,139115,27518,7707,38312,32216,-12352,-2917,119159,80847,48631,103890,65578,33362,NA,NA,671865,0.491262313580774,0.508737686419226,0.584220317789503
"1975Q2",943759,112094,596120,517925,78195,83584,151961,27989,8384,41420,31376,-6980,-4906,127474,86054,54678,115588,74168,42792,NA,NA,679704,0.423039585805199,0.576960414194801,0.558461870348398
"1975Q3",985628,115684,613315,532473,80842,85276,171353,27479,8479,52024,31044,-11728,-6364,153487,101463,70419,135395,83371,52327,NA,NA,698591,0.372359693418575,0.627640306581425,0.624005949310911
"1975Q4",1014056,118528,632092,549100,82992,87008,176427,25970,8419,53300,32508,-11116,-7293,160447,107147,74639,142038,88738,56230,NA,NA,719100,0.366336856814443,0.633663143185557,0.600644594198652
"1976Q1",1058724,120626,658787,570878,87909,88504,190806,23486,8221,60844,31780,-10744,-7691,177534,116690,84910,159099,98255,66475,NA,NA,747291,0.323444099536919,0.676555900463081,0.619245839906366
"1976Q2",1074013,123226,673711,583908,89804,90416,186660,22178,7914,59380,35912,-14900,-7879,179347,119967,84055,156567,97187,61275,NA,NA,764127,0.369514441231852,0.630485558768148,0.610987066171402
"1976Q3",1097006,126328,690535,597930,92605,92300,187843,22052,7439,58980,37304,-15216,-7857,181424,122444,85140,158351,99371,62067,NA,NA,782835,0.375401274013545,0.624598725986455,0.593533324611808
"1976Q4",1119490,129932,708110,611964,96145,94432,187017,23113,6761,58468,38704,-15592,-7624,180359,121891,83187,157143,98675,59971,NA,NA,802542,0.392237142133266,0.607762857866734,0.592531036230048
"1977Q1",1160598,134037,733799,630655,103144,96144,196618,25358,6286,62920,37636,-21448,-7182,193603,130683,93047,164974,102054,64418,NA,NA,829943,0.368785152958238,0.631214847041762,0.616536343504419
"1977Q2",1216819,138247,761635,654052,107583,98196,218741,27209,5801,68420,38440,-15324,-6937,207991,139571,101131,185731,117311,78871,NA,NA,859831,0.327676006512603,0.672323993487397,0.583236013673057
"1977Q3",1262086,142561,784036,672969,111067,101148,234341,28599,5860,70840,39968,-9452,-6890,216223,145383,105415,199882,129042,89074,NA,NA,885184,0.309728615489531,0.690271384510469,0.548968552874258
"1977Q4",1290566,146979,807313,693108,114205,104584,231690,29522,6074,71836,42464,-16568,-7040,219703,147867,105403,196095,124259,81795,NA,NA,911897,0.341737821807676,0.658262178192324,0.578115066111911
"1978Q1",1320931,151500,836860,713986,122875,108168,224403,30060,6841,66192,43560,-20804,-7389,215695,149503,105943,187502,121310,77750,NA,NA,945028,0.359080042865386,0.640919957134614,0.545643392960185
"1978Q2",1399564,156419,873085,746315,126770,112052,258008,30463,7501,80008,43064,-23200,-7826,251070,171062,127998,220044,140036,96972,NA,NA,985137,0.307520923191179,0.692479076808821,0.571338798594647
"1978Q3",1428913,161735,898967,768867,130100,105404,262807,30810,8240,80228,48584,-23312,-8350,255419,175191,126607,223757,143529,94945,NA,NA,1004371,0.338496053062447,0.661503946937553,0.558967177364853
"1978Q4",1478153,167449,929883,795710,134173,109184,271637,31099,9041,84980,51252,-27520,-8962,267979,182999,131747,231497,146517,95265,NA,NA,1039067,0.349802412006798,0.650197587993202,0.58000095552052
"1979Q1",1514193,173560,965306,822843,142464,111168,264158,31825,10073,81924,50510,-35068,-9662,266990,185066,134556,222260,140336,89826,NA,NA,1076474,0.359921901721583,0.640078098278418,0.583770379660244
"1979Q2",1546405,179921,989192,842756,146437,113332,263959,33586,10714,82112,51229,-39984,-10887,270529,188417,137188,219658,137546,86317,NA,NA,1102524,0.372449944018728,0.627550055981272,0.596978465386125
"1979Q3",1580464,186533,1018218,867265,150953,116264,259450,36997,11149,81036,49404,-44120,-12636,268060,187024,137621,211304,130268,80864,NA,NA,1134482,0.379248932968956,0.620751067031044,0.622071421991587
"1979Q4",1616360,193394,1045053,889663,155390,119272,258642,42090,11355,77876,52769,-41380,-14911,261487,183611,130842,205197,127321,74552,NA,NA,1164325,0.414456374046701,0.585543625953299,0.611650866706985
"1980Q1",1653667,200505,1072879,911748,161131,121520,258764,50083,11528,85388,53434,-53456,-17710,268319,182931,129497,197152,111764,58331,NA,NA,1194399,0.478096703768655,0.521903296231345,0.764002720017179
"1980Q2",1655646,207983,1084309,919908,164401,125040,238315,56788,11609,64932,67421,-34028,-18572,222517,157585,90164,169917,104985,37564,NA,NA,1209349,0.642196504262514,0.357803495737486,0.618488355479354
"1980Q3",1705002,215827,1104352,936530,167822,130472,254352,63373,11797,72144,56555,-42296,-17496,238974,166830,110275,179182,107038,50483,NA,NA,1234824,0.528363758665147,0.471636241334853,0.674003624880883
"1980Q4",1795212,224037,1146474,974240,172234,137264,287436,69832,13237,79472,59595,-38752,-14482,257601,178129,118534,204367,124895,65301,NA,NA,1283738,0.477160815084671,0.522839184915329,0.636310500820689
"1981Q1",1867387,232614,1186196,1003762,182435,145496,303080,76447,13640,78140,64098,-37428,-9530,259952,181812,117714,212994,134854,70756,NA,NA,1331692,0.475314043335756,0.524685956664244,0.579441470034259
"1981Q2",1911750,240951,1209201,1023758,185443,153532,308066,82359,13884,69076,67062,-24308,-5539,241670,172594,105532,211822,142746,75685,NA,NA,1362733,0.469799504014123,0.530200495985877,0.483908480798061
"1981Q3",1974083,249049,1236199,1047253,188946,157976,330860,87758,14492,71648,70595,-18164,-2510,249283,177635,107040,228610,156962,86367,NA,NA,1394175,0.449758540283636,0.550241459716365,0.456467170397931
"1981Q4",1987302,256906,1250668,1058927,191742,160612,319116,92611,15069,62396,71998,-18604,-441,230481,168085,96087,211436,149040,77042,NA,NA,1411280,0.483078368223296,0.516921631776704,0.418652710681696
"1982Q1",1985469,264523,1259339,1062043,197297,160448,301159,96886,16049,50612,76127,-12900,667,200457,149845,73718,188224,137612,61485,NA,NA,1419787,0.553200302299218,0.446799697700782,0.367787692933756
"1982Q2",2017134,270769,1270417,1070053,200364,160036,315913,98904,16487,52736,64492,-4744,2857,202409,149673,85180,200522,147786,83294,NA,NA,1430453,0.436387749854519,0.563612250145481,0.356840296103826
"1982Q3",2035266,275643,1282598,1078895,203703,160968,316058,98837,16824,53212,70509,-6396,6130,200662,147450,76942,200396,147184,76676,NA,NA,1443566,0.479053429720622,0.520946570279378,0.361533862376345
"1982Q4",2036388,279146,1288101,1081399,206702,163752,305389,96688,17170,48616,77264,-5980,10485,187026,138410,61147,191532,142916,65652,NA,NA,1451853,0.540625262391895,0.459374737608105,0.34017184919813
"1983Q1",2075667,281277,1305308,1091653,213655,168668,320414,93119,17811,50240,83346,2248,15923,191313,141073,57727,209484,159244,75898,NA,NA,1473976,0.523385496470825,0.476614503529175,0.315490693526915
"1983Q2",2140679,283969,1333494,1115371,218124,174496,348720,91872,18568,65332,81670,-7064,21059,224285,158953,77283,238280,172948,91278,NA,NA,1507990,0.472222864676088,0.527777135323912,0.377755163401716
"1983Q3",2200284,287222,1365053,1142634,222419,180560,367449,93214,19791,73984,84824,-15152,25893,243703,169719,84895,254444,180460,95636,NA,NA,1545613,0.470043222874875,0.529956777125125,0.409974509586612
"1983Q4",2273194,291035,1408067,1180896,227171,186032,388059,97103,21777,76120,87144,-9812,30425,248566,172446,85302,269179,193059,105915,NA,NA,1594099,0.451385327801346,0.548614672198654,0.394283612781585
"1984Q1",2366642,295409,1452074,1214341,237733,190120,429039,103518,24403,88436,89785,-6592,34656,273054,184618,94833,301118,212682,122897,NA,NA,1642194,0.422156082790269,0.577843917209731,0.415813279920257
"1984Q2",2417036,300262,1487662,1245545,242116,193948,435164,107518,26413,87144,89393,-9808,39934,271107,183963,94570,301232,214088,124696,NA,NA,1681610,0.417552595194499,0.582447404805501,0.407047569223871
"1984Q3",2454330,305595,1518711,1272237,246474,197524,432500,109308,27902,74744,90355,288,46259,248743,173999,83644,295290,220546,130191,NA,NA,1716235,0.409687774885965,0.590312225114035,0.338904355553943
"1984Q4",2501106,311406,1545843,1295062,250781,200892,442965,108910,28900,75584,89411,196,53631,251329,175745,86333,305156,229572,140161,NA,NA,1746735,0.389468227832662,0.610531772167338,0.329238757339745
"1985Q1",2542522,317696,1573178,1317415,255762,204044,447604,106177,30015,80512,94582,552,62051,248810,168298,73716,311413,230901,136319,NA,NA,1777222,0.409621439491384,0.590378560508616,0.348686233494008
"1985Q2",2580231,323880,1599502,1338380,261122,207892,448957,104165,34444,78812,104616,344,66526,243479,164667,60051,310348,231536,126920,NA,NA,1807394,0.45183470389054,0.54816529610946,0.340387671895515
"1985Q3",2632377,329956,1627355,1360292,267063,210972,464095,102783,29802,84740,98437,7168,67055,257286,172546,74110,331510,246770,148333,NA,NA,1838327,0.398901811403331,0.601098188596669,0.343396685172428
"1985Q4",2650847,335924,1663690,1389468,274222,213288,437945,102043,29253,82376,102001,-7980,63640,250989,168613,66612,306649,224273,122272,NA,NA,1876978,0.454807310732901,0.545192689267099,0.36730235026062
"1986Q1",2681852,341785,1689962,1407629,282333,215132,434973,102086,36220,87840,103092,19736,56280,220651,132811,29719,296668,208828,105735,NA,NA,1905094,0.493669431302316,0.506330568697684,0.420633248414964
"1986Q2",2687666,347363,1706248,1418166,288082,217976,416080,101422,28283,88404,108377,13924,51272,221179,132775,24398,286374,197970,89594,NA,NA,1924224,0.547441531545184,0.452558468454816,0.446552507955751
"1986Q3",2707765,352657,1732074,1437973,294102,220852,402183,100219,26354,90004,100221,5436,48615,221560,131556,31334,275610,185606,85385,NA,NA,1952926,0.539966380397185,0.460033619602815,0.484919668545198
"1986Q4",2749796,357667,1765131,1465339,299792,224532,402466,98469,26286,101236,101078,-10852,48309,240254,139018,37940,277711,176475,75397,NA,NA,1989663,0.572761014307976,0.427238985692024,0.573656325258535
"1987Q1",2796102,362393,1795635,1491496,304139,227696,410377,96304,25660,101542,101663,-13876,50354,251934,150392,48729,288413,186870,85207,NA,NA,2023331,0.544030609514636,0.455969390485364,0.543383100551185
"1987Q2",2865263,367843,1825785,1517285,308500,231384,440250,94896,25654,115122,98804,-19172,51603,287268,172146,73343,319699,204577,105774,NA,NA,2057169,0.482967293488515,0.517032706511485,0.562731880905478
"1987Q3",2931582,374017,1860053,1546919,313134,234828,462684,94408,24104,119884,100687,-15724,52055,307840,187956,87269,344171,224287,123600,NA,NA,2094881,0.44892035650751,0.55107964349249,0.534511585602376
"1987Q4",2987579,380914,1909087,1590525,318562,239556,458022,94851,24244,114260,111498,-16184,51711,303401,189141,77643,338928,224668,113170,NA,NA,2148643,0.496278953834102,0.503721046165898,0.508572649420478
"1988Q1",3038249,388835,1938991,1613060,325932,245404,465018,97032,23908,112591,97548,-18304,50270,312112,199521,101973,344078,231487,133939,NA,NA,2184395,0.421397313888037,0.578602686111963,0.486381524664452
"1988Q2",3111047,396411,1986181,1653773,332408,251196,477259,99947,25003,120002,107941,-25480,48894,328894,208891,100950,352308,232306,124364,NA,NA,2237377,0.464650073609808,0.535349926390192,0.516568663745233
"1988Q3",3170038,403644,2022430,1683176,339255,253432,490531,104239,27006,129120,129289,-26148,47585,337849,208729,79440,359287,230166,100877,NA,NA,2275862,0.561720671167766,0.438279328832234,0.560986418497954
"1988Q4",3250801,410534,2061633,1714195,347438,258024,520611,109767,29482,135351,119690,-18764,46343,353783,218432,98742,381361,246011,126321,NA,NA,2319657,0.486522960355431,0.513477039644569,0.550182715407035
"1989Q1",3273763,417079,2083170,1730771,352398,261828,511686,116328,32158,137171,147102,-33740,45166,351774,214604,67502,363200,226030,78928,NA,NA,2344998,0.650807414944919,0.349192585055081,0.606870769366898
"1989Q2",3303253,423725,2103224,1743625,359599,266088,510216,120691,33147,122964,147959,-18892,43125,332145,209181,61222,356379,233414,85456,NA,NA,2369312,0.633890854875886,0.366109145124114,0.526806446914067
"1989Q3",3339628,430471,2127043,1760833,366211,269384,512730,123068,34658,118934,151827,-432,40221,315216,196282,44455,355004,236070,84243,NA,NA,2396427,0.643143982716991,0.356856017283009,0.50380819248528
"1989Q4",3363926,437317,2163887,1790811,373075,272876,489846,123525,34556,118619,143948,-12328,36452,307641,189022,45073,331765,213146,69197,NA,NA,2436763,0.675349291096244,0.324650708903756,0.556515252456063
"1990Q1",3417006,444264,2195846,1814887,380959,276000,500896,122011,34504,116753,168831,-3572,31819,316134,199381,30550,344381,227628,58797,NA,NA,2471846,0.741696979281986,0.258303020718014,0.512911416873144
"1990Q2",3479030,451212,2232042,1847481,384561,281364,514413,119096,33868,121667,165293,2020,27866,331563,209896,44602,361449,239782,74489,NA,NA,2513406,0.689346990182749,0.310653009817251,0.507406727777731
"1990Q3",3488724,458162,2256378,1868659,387719,287320,486864,115522,33579,125139,168980,-30196,24592,343367,218228,49248,337763,212625,43644,NA,NA,2543698,0.794732510288066,0.205267489711934,0.588543209876543
"1990Q4",3484564,465114,2255435,1866075,389360,293192,470822,107431,34014,123705,171255,-19820,21998,327199,203494,32239,329377,205672,34417,NA,NA,2548627,0.832660741374616,0.167339258625384,0.601467384962465
"1991Q1",3510360,472068,2239059,1847170,391888,300224,499009,97713,34282,120157,172201,11436,20083,335495,215338,43137,367014,246857,74656,NA,NA,2539283,0.697573899058969,0.302426100941031,0.486747388163998
"1991Q2",3540540,477874,2263389,1865638,397751,305212,494065,87529,33423,115996,178938,8600,18622,345892,229896,50958,373113,257118,78179,NA,NA,2568601,0.695937273936481,0.304062726063519,0.451139165674904
"1991Q3",3570536,482531,2289727,1884237,405490,310460,487819,78135,33349,116916,177974,1376,17614,357345,240429,62454,376335,259419,81445,NA,NA,2600187,0.686048439011792,0.313951560988208,0.450684028540701
"1991Q4",3597336,486039,2319108,1904198,414911,315848,476341,70166,33554,118183,182098,-1704,17061,357263,239080,56982,372620,254437,72339,NA,NA,2634956,0.715689935033034,0.284310064966966,0.464488262320339
"1992Q1",3677471,488400,2370490,1940802,429688,319760,498822,64483,33452,130432,171844,2216,16962,381710,251278,79434,400887,270456,98612,NA,NA,2690250,0.635386162629041,0.364613837370959,0.482266986127133
"1992Q2",3724068,491723,2408339,1968452,439887,323536,500469,59548,33084,132371,176536,-10596,17110,401323,268952,92417,407837,275466,98930,NA,NA,2731875,0.640863119223425,0.359136880776575,0.480534802843182
"1992Q3",3745789,496010,2432096,1984203,447893,327932,489751,57234,33173,127797,177265,-3352,17505,385191,257395,80130,399344,271548,94283,NA,NA,2760028,0.652794349433618,0.347205650566382,0.470623978081223
"1992Q4",3822117,501260,2471005,2017802,453203,332352,517500,56662,36108,137057,188248,448,18148,406135,269078,80830,424730,287673,99426,NA,NA,2803357,0.654381884987468,0.345618115012532,0.476433311433468
"1993Q1",3799825,507473,2459877,2001856,458021,334485,497990,57849,33631,141728,195856,-6088,19038,393561,251833,55977,406511,264783,68927,NA,NA,2794362,0.739684949562472,0.260315050437528,0.535260949532258
"1993Q2",3893006,513844,2504779,2040414,464365,340054,534329,57805,31847,154122,196384,-6324,20836,430165,276043,79658,444677,290555,94170,NA,NA,2844833,0.675892688131335,0.324107311868665,0.530440019961797
"1993Q3",3933105,520374,2527609,2058493,469116,345313,539809,56591,30857,146383,200403,404,23542,428416,282033,81630,452362,305979,105576,NA,NA,2872922,0.654956712715579,0.345043287284421,0.478408648959569
"1993Q4",4049516,527062,2570690,2095443,475247,355180,596584,54316,30671,177955,211800,-4076,27156,488517,310562,98761,511597,333642,121841,NA,NA,2925870,0.634812163936195,0.365187836063805,0.533371098362916
"1994Q1",4081895,533908,2581424,2098269,483155,366846,599717,50902,31277,155921,210542,-8256,31678,494116,338195,127653,517538,361617,151075,NA,NA,2948270,0.582223733950561,0.417776266049439,0.431177184700941
"1994Q2",4177064,542117,2639832,2151394,488438,375226,619889,48838,31863,164124,221685,-10176,35018,514346,350222,128537,539188,375064,153379,NA,NA,3015058,0.591059125909178,0.408940874090822,0.437589318089713
"1994Q3",4250447,551688,2666660,2176015,490645,379614,652484,48053,32490,180226,218927,-15676,37176,550442,370216,151290,571942,391716,172790,NA,NA,3046274,0.558892156562407,0.441107843437593,0.460093537154469
"1994Q4",4330914,562622,2708140,2215578,492562,382745,677407,48412,33162,190414,230410,-15636,38153,573316,382903,152493,595833,405419,175009,NA,NA,3090885,0.568325608814584,0.431674391185416,0.46967211699501
"1995Q1",4372364,574918,2741639,2252241,489398,381932,673875,50530,34405,194746,237017,-32536,37947,583529,388783,151766,588940,394194,157178,NA,NA,3123571,0.601269933078636,0.398730066921364,0.494035931546396
"1995Q2",4429094,586040,2768577,2278587,489989,381744,692733,51296,35652,191033,240684,-28208,38379,595613,404580,163896,605784,414751,174068,NA,NA,3150321,0.58030963156207,0.41969036843793,0.46059684003173
"1995Q3",4524400,595989,2803964,2311708,492256,385704,738743,51152,37655,198026,259818,-9832,39449,620319,422293,162476,649936,451911,192093,NA,NA,3189668,0.574931789666549,0.425068210333451,0.438196901602307
"1995Q4",4571054,604765,2837376,2341862,495514,389628,739285,49146,39879,193991,265578,-2560,41156,611665,417673,152096,650261,456270,190692,NA,NA,3227004,0.582063252021829,0.417936747978171,0.42516711596204
"1996Q1",4654706,612367,2877529,2378884,498646,390545,774265,46542,43881,201661,269593,2136,43501,638205,436544,166951,683842,482181,212588,NA,NA,3268074,0.559111619910366,0.440888380089634,0.418226765467739
"1996Q2",4740154,620994,2932252,2428378,503874,395995,790913,45196,45468,213391,275336,-1652,46112,655788,442397,167061,700249,486858,211521,NA,NA,3328247,0.565536563022483,0.434463436977517,0.438302338669592
"1996Q3",4806299,630645,2979367,2471419,507948,399703,796583,46008,44549,213716,289339,4692,48992,652342,438626,149288,706026,492310,202972,NA,NA,3379070,0.587717088826146,0.412282911173854,0.434108590115984
"1996Q4",4879652,641321,3025640,2514300,511340,407421,805271,47892,41089,216776,299576,7108,52139,657043,440267,140691,716290,499514,199938,NA,NA,3433061,0.599734942363978,0.400265057636022,0.433973822555524
"1997Q1",4992056,653021,3090371,2575560,514811,406404,842259,54350,34596,218202,300749,18516,55554,679243,461042,160292,753313,535111,234362,NA,NA,3496775,0.562031055239007,0.437968944760993,0.407769602942193
"1997Q2",5077767,664515,3140023,2619987,520036,415672,857558,57675,31982,222477,304248,15696,58197,694007,471530,167282,767900,545423,241175,NA,NA,3555695,0.557820260605072,0.442179739394928,0.407898090106211
"1997Q3",5200817,675803,3198793,2670630,528163,420273,905947,64776,33079,234202,314346,15108,60070,732915,498713,184367,808092,573891,259544,NA,NA,3619066,0.547745129301557,0.452254870698443,0.408094916979008
"1997Q4",5301962,686885,3277125,2737158,539967,425367,912585,74831,37813,224167,331564,7040,61171,731730,507563,175998,799941,575774,244209,NA,NA,3702492,0.575857888685491,0.424142111314509,0.389331578014985
"1998Q1",5350030,697762,3354479,2804259,550220,423669,874121,98588,46914,222144,339106,14420,61502,652697,430553,91447,728619,506475,167369,NA,NA,3778148,0.669541438373069,0.330458561626931,0.438608026062491
"1998Q2",5431734,709003,3417435,2856416,561019,428218,877079,97207,50284,218937,347637,15368,62885,651335,432398,84761,729588,510651,163014,NA,NA,3845653,0.680772190791754,0.319227809208246,0.428740960068618
"1998Q3",5530324,720609,3479021,2909280,569741,433268,897426,95630,52735,225457,342688,19092,65322,664647,439190,96502,749061,523604,180916,NA,NA,3912289,0.654479339348057,0.345520660651943,0.430586855715388
"1998Q4",5585698,732579,3538988,2962736,576253,437943,876188,92477,61357,220682,348013,14092,68811,639451,418769,70756,722354,501672,153659,NA,NA,3976931,0.693706246312332,0.306293753687668,0.439892997815306
"1999Q1",5699619,744914,3608568,3028746,579822,443424,902713,88466,52381,226471,333029,24188,73353,664325,437853,104824,761866,535395,202365,NA,NA,4051992,0.622024860149983,0.377975139850017,0.422997973458848
"1999Q2",5749118,759736,3643131,3058001,585130,449520,896731,89723,52931,223551,335253,3776,75029,675273,451722,116469,754078,530527,195274,NA,NA,4092651,0.631924482637076,0.368075517362924,0.421375349416712
"1999Q3",5816420,777043,3694912,3100862,594050,457388,887078,96055,53301,227610,317553,-14504,73838,678388,450778,133225,737722,510112,192559,NA,NA,4152300,0.622516231729503,0.377483768270497,0.446196129477448
"1999Q4",5943085,796835,3790635,3182079,608557,465287,890327,107070,56767,231911,348840,-29276,69780,685985,454075,105234,726490,494579,145738,NA,NA,4255922,0.705327157036591,0.294672842963409,0.468905877524116
"2000Q1",6143318,819114,3945729,3314642,631087,472974,905501,123154,67530,243310,371167,-25240,62856,677201,433892,62724,714817,471508,100340,NA,NA,4418703,0.787191309585415,0.212808690414585,0.516025178788059
"2000Q2",6186685,835823,3967381,3326773,640608,478881,904601,134223,71257,241710,390669,-21048,57663,662506,420797,30127,699121,457411,66742,NA,NA,4446262,0.854087461823174,0.145912538176826,0.528430667386661
"2000Q3",6272744,846963,4050989,3398930,652059,481549,893244,141754,73902,222794,401453,-9084,54200,632472,409678,8226,677589,454795,53342,NA,NA,4532538,0.882711991116877,0.117288008883123,0.489877857056476
"2000Q4",6262014,852532,4071609,3414827,656782,485379,852495,144099,76935,225979,371315,-11864,52469,590855,364876,-6439,631460,405481,34166,NA,NA,4556988,0.915739578426609,0.0842604215733906,0.557310946752129
"2001Q1",6250095,871257,4057744,3388959,668784,471647,849448,141840,84974,188597,362899,-18352,48914,592071,403474,40575,622634,434036,71138,190805,31394,4529391,0.836103456856113,0.163896543143887,0.434519256467205
"2001Q2",6240160,886819,4028966,3364925,664041,465210,859165,135043,86118,182690,345389,-1084,44685,594403,411714,66325,638004,455315,109926,186251,16187,4494176,0.758571538385513,0.241428461614487,0.401238702876031
"2001Q3",6178241,894208,3990284,3332618,657666,455627,838121,124626,85802,162829,372588,16780,61486,549428,386599,14011,627694,464865,92277,176392,30882,4445911,0.80149720886709,0.19850279113291,0.350271584223377
"2001Q4",6141874,902053,3978248,3322566,655682,485155,776418,108843,82373,146475,367365,34832,91425,458944,312469,-54896,585201,438727,71362,177429,-22814,4463403,0.837343040204957,0.162656959795043,0.33386365553066
"2002Q1",6209189,907908,3941295,3269342,671953,485921,874065,91955,70453,147364,375592,45436,118818,547404,400039,24448,711657,564293,188701,192408,33980,4427216,0.665597482159091,0.334402517840909,0.261148020620493
"2002Q2",6281774,911059,3979541,3301067,678474,492229,898945,79648,63330,153672,386273,14104,119186,622678,469006,82732,755968,602296,216022,203025,57472,4471770,0.641334161276183,0.358665838723817,0.255143650298192
"2002Q3",6310693,917217,3981968,3303080,678888,502541,908967,72559,57914,161806,363537,-11276,113954,675817,514010,150474,778494,616688,253151,217744,62274,4484509,0.589499065978258,0.410500934021742,0.262379031211893
"2002Q4",6392505,922162,3988165,3308221,679944,509426,972752,69769,54745,179853,392372,-12800,106541,754496,574643,182271,848237,668384,276013,206384,38729,4497591,0.587045770096232,0.412954229903768,0.269086333604634
"2003Q1",6375060,923940,3947074,3258278,688797,515498,988548,71792,53949,199942,372099,-21312,89125,794994,595052,222952,862807,662865,290765,229145,84737,4462572,0.561349596071598,0.438650403928402,0.301633062539129
"2003Q2",6459307,929045,4007313,3308004,699309,513094,1009856,68450,49999,196456,447368,-2916,107884,786439,589984,142616,891407,694951,247584,235511,82870,4520407,0.643740350039067,0.356259649960933,0.282690434289612
"2003Q3",6581487,934930,4066379,3356763,709616,532579,1047598,56640,49145,217650,418902,-11144,106076,846881,629231,210329,941813,724163,305261,249126,93323,4598958,0.578463688423739,0.421536311576261,0.300553880825173
"2003Q4",6683938,942249,4142732,3419791,722940,535927,1063031,38310,48169,241006,453443,-22512,100734,898331,657325,203882,976552,735546,282103,278621,95780,4678659,0.616471301590927,0.383528698409073,0.327655918188665
"2004Q1",6757376,953516,4116949,3400314,716635,555819,1131092,11979,54538,251408,488875,-23968,86374,1002169,750760,261885,1064574,813166,324291,311831,107814,4672768,0.601199509079327,0.398800490920673,0.309171805018901
"2004Q2",6898503,965405,4206010,3473873,732138,564164,1162924,-3985,53427,271582,485537,-45340,77815,1081007,809425,323888,1113482,841900,356363,319679,131936,4770174,0.576715761966979,0.423284238033021,0.322582254424516
"2004Q3",7050983,977132,4303657,3554522,749135,571518,1198675,-11143,50878,292736,481470,-40888,69765,1130064,837328,355858,1158940,866204,384734,328287,123114,4875175,0.55583904022609,0.44416095977391,0.337952722453371
"2004Q4",7133171,996000,4334200,3579748,754452,585983,1216987,-7237,59572,298320,614192,-50648,54854,1160446,862126,247934,1164652,866332,252140,336396,152803,4920183,0.708956843334888,0.291043156665112,0.344348356057493
"2005Q1",7273771,1014800,4345753,3583618,762135,598585,1314633,5154,51544,375747,454663,-40832,-121170,1419937,1044190,589528,1257935,882188,427525,365736,143510,4944338,0.515381075235664,0.484618924764336,0.425926219808023
"2005Q2",7399047,1032806,4397571,3626348,771223,612649,1356020,17924,61230,363962,402968,-25160,-134514,1436541,1072579,669611,1276867,912905,509937,365470,145323,5010220,0.441412852377849,0.558587147622151,0.398685514922144
"2005Q3",7528114,1048999,4483029,3696819,786210,622349,1373738,30912,55646,370249,245325,-39020,-144612,1470813,1100564,855239,1287181,916932,671607,373775,135136,5105378,0.267549829213071,0.732450170786929,0.403791120824663
"2005Q4",7740799,1071669,4545599,3748416,797183,631487,1492044,43149,53563,409037,170614,-39108,-160285,1594726,1185689,1015075,1395332,986295,815682,392442,170593,5177086,0.172984756082105,0.827015243917895,0.414720747849274
"2006Q1",7898544,1090323,4619960,3833109,786851,643810,1544451,56931,42111,421381,574094,-29264,-149674,1624347,1202966,628872,1445408,1024028,449934,397560,167145,5263770,0.560623342330483,0.439376657669517,0.411493631033526
"2006Q2",7972479,1109302,4647831,3856233,791598,650861,1564484,68585,42841,432634,584756,-54196,-160015,1667269,1234635,649879,1453058,1020424,435668,422664,184495,5298692,0.573051986233174,0.426948013766826,0.423974739912037
"2006Q3",8098623,1128407,4678830,3881952,796878,659496,1631891,76101,50000,451289,646458,-36864,-170393,1713045,1261756,615298,1505789,1054500,408042,428089,194510,5338326,0.613046941678521,0.386953058321479,0.427964912280702
"2006Q4",8147617,1149181,4778298,3964479,813819,663924,1556214,83711,51217,415282,746446,-7440,-182191,1610917,1195635,449189,1421286,1006004,259558,437730,181017,5442222,0.741991085522523,0.258008914477477,0.412803527620169
"2007Q1",8172049,1168118,4859890,4041087,818803,669086,1474955,90334,68340,418619,662013,-45368,-170263,1531912,1113293,451280,1316281,897662,235649,455499,184393,5528976,0.737485824285756,0.262514175714244,0.466343679469555
"2007Q2",8250053,1182837,4878061,4056196,821865,673679,1515476,101287,66452,413306,668019,-45572,-174993,1568302,1154996,486977,1347737,934431,266412,489569,182076,5551740,0.714893876594419,0.285106123405581,0.4423076717275
"2007Q3",8180667,1195878,4890501,4066541,823961,675684,1418604,119562,69885,376508,697274,-19636,-176807,1425600,1049092,351818,1229157,852649,155375,519828,159252,5566185,0.817773784992418,0.182226215007582,0.441574434497666
"2007Q4",8194264,1208945,4948499,4114767,833732,686718,1350102,142402,68764,358695,684138,-63944,-176835,1379716,1021021,336883,1138936,780242,96103,540613,128683,5635217,0.876827958505182,0.123172041494818,0.459722752684424
"2008Q1",8193000,1228881,4963787,4125864,837923,682502,1317829,169759,94265,297984,668865,-120652,-48735,1223192,925208,256342,1053805,755821,86956,589722,189295,5646289,0.884951595682046,0.115048404317954,0.394252078203702
"2008Q2",8184288,1247703,4946127,4111185,834942,688357,1302101,185199,89941,285230,685238,-151636,-53536,1232134,946904,261666,1026962,741732,56493,609529,208420,5634484,0.923835023970922,0.0761649760290779,0.384545900675716
"2008Q3",8185746,1269297,4944529,4109857,834672,690727,1281193,183764,89240,270650,654489,-60372,-63417,1131978,861328,206839,1008189,737539,83051,592872,169809,5635256,0.887395785172038,0.112604214827962,0.366963645312316
"2008Q4",7872118,1281083,4906870,4078555,828315,678251,1005914,167329,105831,169810,634815,193340,-67492,606907,437097,-197718,732754,562945,-71870,503275,167103,5585121,1.12766788940305,-0.12766788940305,0.301645809093251
"2009Q1",7718811,1276251,4598856,3806812,792044,651273,1192432,141426,97494,171977,603223,91956,-92338,953894,781917,178694,953512,781535,178312,462746,118747,5250129,0.771843871355729,0.228156128644271,0.220050285655793
"2009Q2",7762757,1262815,4611576,3817341,794235,652005,1236362,121595,111427,195331,544069,7344,-80142,1076138,880807,336738,1003340,808009,263940,465935,147379,5263581,0.673345222639847,0.326654777360153,0.241743594440161
"2009Q3",7815593,1255888,4592666,3801688,790978,649286,1317754,106588,87970,206414,450678,-20520,-75739,1219455,1013041,562363,1123196,916782,466104,513159,143807,5241952,0.491586876705695,0.508413123294305,0.225150581054166
"2009Q4",7972185,1259681,4626785,3829931,796854,669257,1416462,99653,89305,242010,468358,-68312,-82298,1378115,1136105,667747,1227505,985495,517137,545988,182840,5296042,0.475251523346136,0.524748476653864,0.245572022181746
"2010Q1",8002389,1261059,4576724,3793959,782765,673732,1490875,97190,98191,256340,484751,-47068,-95599,1438161,1181820,697069,1295493,1039153,554402,562497,173355,5250456,0.466486648260651,0.533513351739349,0.246681672477489
"2010Q2",8126606,1266900,4684959,3883683,801276,684181,1490566,95260,95340,262247,478113,-36392,-101401,1437759,1175512,697399,1299966,1037719,559606,572258,186990,5369140,0.460734553381021,0.539265446618979,0.252714848624724
"2010Q3",8376065,1271314,4747435,3935473,811962,688514,1668803,92039,101306,279180,537723,-18052,-57339,1550850,1271669,733946,1475458,1196278,658555,578792,203934,5435949,0.449496688896728,0.550503311103272,0.233373847884856
"2010Q4",8442908,1283582,4793920,3974008,819912,693360,1672044,88396,99826,291302,557598,-88860,27772,1544912,1253610,696012,1483823,1192521,634924,606099,212209,5487280,0.467579187284752,0.532420812715248,0.244274105026243
"2011Q1",8421071,1299799,4885645,4060668,824977,710558,1525069,83634,117988,285121,601591,-141616,62809,1402254,1117133,515543,1323447,1038326,436736,621268,224564,5596203,0.579385472385359,0.420614527614641,0.274596802930871
"2011Q2",8581177,1317501,4907625,4078936,828688,719687,1636365,86263,106195,285113,620945,-82964,60542,1466330,1181216,560271,1443907,1158794,537849,640828,241896,5627312,0.535854517714106,0.464145482285894,0.246042868706604
"2011Q3",8677911,1333173,4975580,4135417,840163,718973,1650184,96891,106147,256380,646025,-35680,59397,1423430,1167049,521024,1447146,1190766,544741,659028,233923,5694553,0.54252892675807,0.45747107324193,0.215306785716085
"2011Q4",8811936,1347675,4943067,4108394,834673,725472,1795722,113674,97037,296439,663770,-11772,58217,1538566,1242128,578358,1585011,1288572,624803,643133,213676,5668539,0.5151206141372,0.4848793858628,0.230052337005616
"2012Q1",9063187,1368981,5081875,4239193,842682,739705,1872626,138236,74436,319888,712521,-31256,-146535,1837744,1517857,805336,1659954,1340066,627545,656899,238268,5821580,0.531705901052635,0.468294098947365,0.23871063067043
"2012Q2",9155200,1385523,5155421,4300543,854878,741039,1873217,153154,57471,334239,704919,18280,-148985,1793298,1459059,754140,1662593,1328354,623435,638091,237031,5896460,0.530671041002624,0.469328958997376,0.251618920859951
"2012Q3",9150165,1401303,5164275,4307929,856346,740638,1843948,157887,41444,341719,710363,-24876,-148371,1817864,1476145,765783,1644617,1302898,592536,651703,249296,5904913,0.545217660937387,0.454782339062613,0.262276095289117
"2012Q4",9327426,1412310,5329066,4445394,883672,751377,1834673,153084,39275,342509,933769,-7944,-140853,1791111,1448602,514833,1642314,1299805,366037,648629,249271,6080443,0.71839160489458,0.28160839510542,0.263507987736622
"2013Q1",9347675,1423022,5292897,4408917,883980,769646,1862109,136836,52483,360544,714504,22660,-154295,1804425,1443881,729377,1672790,1312246,597741,652580,265192,6062543,0.544489371657448,0.455510628342552,0.274753361793444
"2013Q2",9411064,1439018,5347980,4453769,894211,772263,1851803,127062,59186,357162,940160,30700,-151224,1786078,1428916,488757,1665555,1308393,368233,662779,267847,6120243,0.718560860536551,0.281439139463449,0.272977614524076
"2013Q3",9454843,1454231,5359470,4463049,896421,779658,1861483,123086,62306,364320,866799,8120,-150298,1818268,1453948,587149,1676090,1311771,444972,672660,263991,6139128,0.660785304752125,0.339214695247875,0.277731402813448
"2013Q4",9614183,1474506,5426578,4519394,907184,785061,1928038,126716,86564,367645,914102,-5904,-155860,1876522,1508877,594775,1714757,1347112,433011,676765,272387,6211639,0.67856421737762,0.32143578262238,0.27291346228079
"2014Q1",9709323,1495858,5555790,4644140,911650,798473,1859201,135185,73716,403576,883001,-53448,-142070,1845818,1442241,559240,1650300,1246724,363723,682745,276827,6354263,0.708256999945457,0.291743000054543,0.323709177011111
"2014Q2",9977314,1514201,5593304,4676366,916938,810991,2058819,147075,79604,425035,899831,-6496,-144313,1982948,1557913,658082,1832139,1407104,507273,687718,293051,6404295,0.639491466160284,0.360508533839716,0.302063671199854
"2014Q3",10187356,1534745,5667952,4739269,928683,818197,2166462,162153,139394,397515,884527,23408,-145416,1986923,1589408,704880,1864915,1467400,582873,708345,286722,6486149,0.602785198309936,0.397214801690064,0.270897505792558
"2014Q4",10312048,1552439,5775808,4829554,946254,824066,2159735,180001,95263,401432,925726,43856,-141201,1981815,1580383,654656,1884470,1483038,557312,694758,297457,6599874,0.624209224578197,0.375790775421803,0.27068220773844
"2015Q1",10390668,1569453,5857030,4906921,950109,825556,2138629,201672,89045,413740,969922,79336,-129739,1898316,1484575,514653,1847912,1434172,464250,664815,272356,6682586,0.6762940567798,0.3237059432202,0.288487015504416
"2015Q2",10489676,1582579,5925647,4964128,961519,833161,2148289,217054,99486,419419,923927,24252,-123583,1931079,1511661,587734,1831749,1412330,488403,681416,294146,6758808,0.654186344551203,0.345813655448797,0.296969546777311
"2015Q3",10525371,1595302,5985722,5014206,971516,836294,2108053,226150,102898,391381,966022,58032,-120729,1841702,1450321,484300,1779005,1387624,421603,686724,294059,6822016,0.696169855811084,0.303830144188916,0.282051189659447
"2015Q4",10552339,1601550,6030964,5051887,979077,844354,2075471,228960,193464,359961,1003827,70024,-115259,1698281,1338320,334493,1653046,1293086,289258,647524,239116,6875318,0.776303354919936,0.223696645080064,0.278373596187725
"2016Q1",10597844,1606050,6032196,5065392,966805,841069,2118529,225477,135218,374566,1003474,68656,-97078,1786256,1411690,408216,1757834,1383268,379794,663919,269711,6873265,0.725437153176391,0.274562846823609,0.270783391215585
"2016Q2",10612050,1623246,6067579,5095238,972342,844036,2077189,226522,141946,378423,970895,-29060,-103229,1841010,1462586,491691,1708721,1330297,359402,684116,281285,6911615,0.729833262797706,0.270166737202294,0.284465048030628
"2016Q3",10710222,1635101,6129966,5147742,982224,858673,2086481,232094,123393,386504,901022,-2288,-100474,1833756,1447253,546230,1730994,1344491,443468,690310,280017,6988639,0.670158446579412,0.329841553420588,0.287472359428215
"2016Q4",10817421,1655231,6209095,5214288,994807,863132,2089963,242197,147709,364643,939535,-16400,-102719,1819176,1454532,514997,1700056,1335413,395878,730245,257938,7072227,0.703553881832811,0.296446118167189,0.27305635035753
"2017Q1",10935797,1675843,6299363,5284210,1015152,866724,2093868,251498,121286,278867,1040940,-48192,-86114,1855389,1576522,535582,1721084,1442217,401277,752766,283622,7166087,0.72176378450677,0.27823621549323,0.193359945140017
"2017Q2",11054217,1698020,6374150,5346913,1027237,877700,2104347,262162,118601,291112,1080793,-36008,-86929,1846521,1555409,474616,1723584,1432472,351679,764788,300347,7251850,0.754495026778883,0.245504973221117,0.203223518505074
"2017Q3",11160696,1721284,6467402,5425203,1042199,889895,2082114,274169,89929,309673,980840,-45040,-89462,1852518,1542845,562005,1718016,1408344,427504,825793,307135,7357297,0.696449162988588,0.303550837011412,0.219884488448845
"2017Q4",11380104,1742105,6587497,5526117,1061379,904193,2146309,287522,116098,308972,1071396,-61112,173346,1630454,1321482,250086,1742688,1433716,362321,873156,329807,7491690,0.747286073392499,0.252713926607501,0.21550432582185
"2018Q1",11563099,1760066,6672978,5593779,1079198,927043,2203012,302057,128602,282439,14127,-58388,99804,1730938,1448499,1434372,1772353,1489914,1475788,856858,318372,7600021,0.00948175532279044,0.99051824467721,0.189567317308247
"2018Q2",11730328,1783075,6734204,5644330,1089874,938725,2274324,307970,120320,301972,388959,-87384,95055,1838363,1536391,1147432,1846034,1544062,1155103,880308,353416,7672929,0.251906335367362,0.748093664632638,0.195569867013112
"2018Q3",11909396,1805098,6834781,5726779,1108002,953847,2315669,305140,141721,299402,801711,-38576,96227,1811157,1511755,710044,1868808,1569406,767695,853819,351228,7788628,0.51083722121618,0.48916277878382,0.190774089050252
"2018Q4",11982575,1826023,6880628,5762240,1118389,973083,2302840,293565,118162,305881,471024,-19700,103364,1807448,1501568,1030544,1891113,1585232,1114208,870727,356335,7853711,0.297132533282195,0.702867466717805,0.192956614552318
"2019Q1",12172894,1857330,7047792,5915593,1132199,977819,2289953,271531,143040,283093,871148,-11040,99243,1787180,1504087,632939,1875383,1592290,721142,879945,338892,8025611,0.547103856709519,0.452896143290481,0.177789849838911
"2019Q2",12262564,1885207,7084315,5945140,1139176,988316,2304725,259967,138219,295889,886652,4536,96911,1805093,1509203,622552,1906540,1610651,723999,901618,351530,8072631,0.550492937327826,0.449507062672174,0.183707705766178
"2019Q3",12383424,1904920,7104409,5964207,1140202,1004227,2369868,258865,142918,294243,910895,21804,95274,1851007,1556764,645868,1968085,1673842,762946,877808,346777,8108636,0.54419413540824,0.45580586459176,0.175788993226362
"2019Q4",12511341,1919866,7196345,6046979,1149366,1002994,2392136,268203,120758,315554,1082395,-13140,89766,1926549,1610995,528601,2003175,1687621,605226,874778,364849,8199339,0.641373270420314,0.358626729579686,0.186981555692896
"2020Q1",12353197,1944023,7259390,6118333,1141057,992934,2156849,288207,116089,269162,982644,60008,-89503,1782049,1512887,530243,1752554,1483392,500747,805601,295326,8252324,0.662430429717836,0.337569570282164,0.181450351626542
"2020Q2",11135963,1961434,6798266,5735551,1062715,277573,2098689,294874,117749,278761,1177971,50720,-100635,1735981,1457220,279249,1686066,1407305,229334,666524,251906,7075839,0.837040300432387,0.162959699567613,0.198081439346837
"2020Q3",12162655,1971982,7143662,6029326,1114336,297630,2749380,292825,132618,352634,1251113,-52060,-94322,2470320,2117685,866573,2323938,1971303,720191,774417,338319,7441292,0.634662961503128,0.365337038496872,0.17888371295534
"2020Q4",12726859,1994197,7470043,6315741,1154302,744847,2517772,280822,135413,346571,1275533,-139636,-83390,2324563,1977992,702459,2101537,1754966,479433,809699,389661,8214890,0.726813510917021,0.273186489082979,0.197480179103185
"2021Q1",13122381,2005151,7552250,6368395,1183855,729443,2835538,258575,138301,386222,1325634,-221912,-17776,2678350,2292128,966494,2438662,2052440,726806,845278,420861,8281693,0.645881974625324,0.354118025374676,0.188176999084017
"2021Q2",13641102,2039619,7777950,6575382,1202569,662844,3160689,248538,148364,451330,1459181,-313144,-3819,3080749,2629420,1170238,2763786,2312457,853276,848401,481487,8440794,0.631008922544289,0.368991077455711,0.195173358899214
"2021Q3",14017880,2088694,7987364,6768722,1218642,787435,3154386,250592,156371,478347,1513737,-285824,-6332,3039580,2561232,1047496,2747423,2269076,755340,890063,498541,8774799,0.667116041948353,0.332883958051647,0.210811361100289
"2021Q4",14492036,2147762,8235621,6998945,1236676,928413,3180240,264632,163813,541063,1595598,-228456,-21683,3001935,2460872,865274,2751795,2210732,615135,911407,485568,9164034,0.721750985646383,0.278249014353617,0.244743822408144
"2022Q1",14886914,2207050,8346495,7092818,1253678,1141587,3191782,290462,162575,566001,1601666,-282972,-48986,3070703,2504702,903036,2738745,2172744,571078,903574,510059,9488082,0.737162776654774,0.262837223345226,0.260500546774033
"2022Q2",15258347,2268949,8420266,7157995,1262271,1189492,3379639,297672,205042,590291,1545808,-286868,-69201,3232994,2642703,1096895,2876924,2286633,740826,944155,502732,9609758,0.67601928249964,0.32398071750036,0.258148552916012
"2022Q3",15585106,2321728,8624492,7340960,1283532,1205737,3433148,286192,196213,576658,1482491,-55796,-83902,3090440,2513782,1031292,2950743,2374085,891594,948961,477350,9830229,0.624447313385999,0.375552686614001,0.242896947666153
"2022Q4",15583541,2357200,8634096,7336397,1297698,1206409,3385836,256044,208727,584120,1528451,61244,-85961,2945782,2361662,833211,2921066,2336945,808494,937290,464381,9840505,0.65403807107142,0.34596192892858,0.249950255568702
"2023Q1",15744324,2409394,8802887,7465090,1337796,1196016,3336027,207285,187585,608561,1517785,42572,-176969,3075555,2466994,949209,2941158,2332597,814812,943513,479284,9998903,0.650684623190375,0.349315376809625,0.260894187894437
"2023Q2",15883212,2441066,8918827,7556628,1362199,1200566,3322754,172661,196681,608151,1583718,24784,-178430,3107057,2498906,915187,2953411,2345260,761541,949421,459134,10119393,0.675284616630992,0.324715383369008,0.259310694763054
"2023Q3",16153747,2466482,9030672,7646657,1384015,1203141,3453452,152137,221630,633942,1609809,11496,-173443,3241632,2607690,997881,3079685,2445743,835934,991130,483833,10233813,0.658208568929769,0.341791431070231,0.259202213805784
"2023Q4",16453214,2501595,9112478,7711920,1400558,1218998,3620143,145700,220806,648044,1723888,40420,-178235,3391453,2743409,1019521,3253638,2605594,881706,983286,487046,10331476,0.661610366004834,0.338389633995166,0.248712577631051
"2024Q1",16743079,2533056,9365502,7930876,1434626,1236219,3608302,140698,281436,648049,1638020,-17116,-261127,3464410,2816361,1178341,3186167,2538118,900099,1009028,510444,10601721,0.645367945855945,0.354632054144055,0.255326584500799
"2024Q2",16952500,2574186,9430890,7980722,1450169,1248274,3699150,132724,229017,675686,1534788,-3892,-267569,3608870,2933184,1398396,3337409,2661723,1126935,1013401,533567,10679164,0.576614471152708,0.423385528847292,0.253852861473564
"2024Q3",17107396,2616435,9476071,8009748,1466323,1262566,3752323,137971,249086,673733,1612207,-520,-273966,3639751,2966018,1353812,3365266,2691533,1079326,951876,514912,10738637,0.598992098554987,0.401007901445013,0.250315712272523
"2024Q4",17432868,2656430,9629586,8142481,1487105,1282551,3864300,103717,272811,694936,1695162,-40876,-278480,3807129,3112192,1417030,3487773,2792837,1097674,1049068,529877,10912137,0.606967753578172,0.393032246421828,0.248827983874462
"2025Q1",17552924,2681973,9757170,8246630,1510540,1300041,3813739,100160,278427,712834,1617193,-44968,-354023,3834143,3121309,1504116,3435152,2722318,1105125,976556,495314,11057211,0.594049997098061,0.405950002901939,0.261848174974415
"2025Q2",17908027,2709742,9881271,8346818,1534453,1423595,3893419,119798,269474,715637,1323422,-43344,-343772,3891264,3175627,1852205,3504147,2788510,1465088,1045010,567311,11304866,0.47459826215434,0.525401737845659,0.256637774295233
