"date","series_id","value","realtime_start","realtime_end"
1947-01-01,"CPIAUCSL",NA,2025-07-24,2025-07-24
1947-02-01,"CPIAUCSL",NA,2025-07-24,2025-07-24
1947-03-01,"CPIAUCSL",NA,2025-07-24,2025-07-24
1947-04-01,"CPIAUCSL",NA,2025-07-24,2025-07-24
1947-05-01,"CPIAUCSL",NA,2025-07-24,2025-07-24
1947-06-01,"CPIAUCSL",NA,2025-07-24,2025-07-24
1947-07-01,"CPIAUCSL",NA,2025-07-24,2025-07-24
1947-08-01,"CPIAUCSL",NA,2025-07-24,2025-07-24
1947-09-01,"CPIAUCSL",NA,2025-07-24,2025-07-24
1947-10-01,"CPIAUCSL",NA,2025-07-24,2025-07-24
1947-11-01,"CPIAUCSL",NA,2025-07-24,2025-07-24
1947-12-01,"CPIAUCSL",NA,2025-07-24,2025-07-24
1948-01-01,"CPIAUCSL",10.24209,2025-07-24,2025-07-24
1948-02-01,"CPIAUCSL",9.48196,2025-07-24,2025-07-24
1948-03-01,"CPIAUCSL",6.81818,2025-07-24,2025-07-24
1948-04-01,"CPIAUCSL",8.27273,2025-07-24,2025-07-24
1948-05-01,"CPIAUCSL",9.38497,2025-07-24,2025-07-24
1948-06-01,"CPIAUCSL",9.375,2025-07-24,2025-07-24
1948-07-01,"CPIAUCSL",9.76158,2025-07-24,2025-07-24
1948-08-01,"CPIAUCSL",9.0625,2025-07-24,2025-07-24
1948-09-01,"CPIAUCSL",6.65499,2025-07-24,2025-07-24
1948-10-01,"CPIAUCSL",6.11087,2025-07-24,2025-07-24
1948-11-01,"CPIAUCSL",4.77016,2025-07-24,2025-07-24
1948-12-01,"CPIAUCSL",2.73387,2025-07-24,2025-07-24
1949-01-01,"CPIAUCSL",1.39358,2025-07-24,2025-07-24
1949-02-01,"CPIAUCSL",1.01394,2025-07-24,2025-07-24
1949-03-01,"CPIAUCSL",1.74468,2025-07-24,2025-07-24
1949-04-01,"CPIAUCSL",0.41982,2025-07-24,2025-07-24
1949-05-01,"CPIAUCSL",-0.41649,2025-07-24,2025-07-24
1949-06-01,"CPIAUCSL",-0.95238,2025-07-24,2025-07-24
1949-07-01,"CPIAUCSL",-2.86885,2025-07-24,2025-07-24
1949-08-01,"CPIAUCSL",-2.98813,2025-07-24,2025-07-24
1949-09-01,"CPIAUCSL",-2.50411,2025-07-24,2025-07-24
1949-10-01,"CPIAUCSL",-2.63266,2025-07-24,2025-07-24
1949-11-01,"CPIAUCSL",-1.90397,2025-07-24,2025-07-24
1949-12-01,"CPIAUCSL",-1.82952,2025-07-24,2025-07-24
1950-01-01,"CPIAUCSL",-2.08247,2025-07-24,2025-07-24
1950-02-01,"CPIAUCSL",-1.25471,2025-07-24,2025-07-24
1950-03-01,"CPIAUCSL",-1.12923,2025-07-24,2025-07-24
1950-04-01,"CPIAUCSL",-1.12876,2025-07-24,2025-07-24
1950-05-01,"CPIAUCSL",-0.58553,2025-07-24,2025-07-24
1950-06-01,"CPIAUCSL",-0.16722,2025-07-24,2025-07-24
1950-07-01,"CPIAUCSL",1.56118,2025-07-24,2025-07-24
1950-08-01,"CPIAUCSL",2.1097,2025-07-24,2025-07-24
1950-09-01,"CPIAUCSL",2.48421,2025-07-24,2025-07-24
1950-10-01,"CPIAUCSL",3.50655,2025-07-24,2025-07-24
1950-11-01,"CPIAUCSL",3.79747,2025-07-24,2025-07-24
1950-12-01,"CPIAUCSL",5.80263,2025-07-24,2025-07-24
1951-01-01,"CPIAUCSL",7.95406,2025-07-24,2025-07-24
1951-02-01,"CPIAUCSL",9.4028,2025-07-24,2025-07-24
1951-03-01,"CPIAUCSL",9.47547,2025-07-24,2025-07-24
1951-04-01,"CPIAUCSL",9.59831,2025-07-24,2025-07-24
1951-05-01,"CPIAUCSL",9.3395,2025-07-24,2025-07-24
1951-06-01,"CPIAUCSL",8.58459,2025-07-24,2025-07-24
1951-07-01,"CPIAUCSL",7.64437,2025-07-24,2025-07-24
1951-08-01,"CPIAUCSL",6.8595,2025-07-24,2025-07-24
1951-09-01,"CPIAUCSL",6.9433,2025-07-24,2025-07-24
1951-10-01,"CPIAUCSL",6.77551,2025-07-24,2025-07-24
1951-11-01,"CPIAUCSL",6.99187,2025-07-24,2025-07-24
1951-12-01,"CPIAUCSL",5.96477,2025-07-24,2025-07-24
1952-01-01,"CPIAUCSL",4.21592,2025-07-24,2025-07-24
1952-02-01,"CPIAUCSL",2.24545,2025-07-24,2025-07-24
1952-03-01,"CPIAUCSL",1.97063,2025-07-24,2025-07-24
1952-04-01,"CPIAUCSL",2.08333,2025-07-24,2025-07-24
1952-05-01,"CPIAUCSL",1.84686,2025-07-24,2025-07-24
1952-06-01,"CPIAUCSL",2.31392,2025-07-24,2025-07-24
1952-07-01,"CPIAUCSL",2.97183,2025-07-24,2025-07-24
1952-08-01,"CPIAUCSL",3.20959,2025-07-24,2025-07-24
1952-09-01,"CPIAUCSL",2.30503,2025-07-24,2025-07-24
1952-10-01,"CPIAUCSL",2.02599,2025-07-24,2025-07-24
1952-11-01,"CPIAUCSL",1.40578,2025-07-24,2025-07-24
1952-12-01,"CPIAUCSL",0.90669,2025-07-24,2025-07-24
1953-01-01,"CPIAUCSL",0.71834,2025-07-24,2025-07-24
1953-02-01,"CPIAUCSL",0.68156,2025-07-24,2025-07-24
1953-03-01,"CPIAUCSL",0.90944,2025-07-24,2025-07-24
1953-04-01,"CPIAUCSL",0.86924,2025-07-24,2025-07-24
1953-05-01,"CPIAUCSL",0.86891,2025-07-24,2025-07-24
1953-06-01,"CPIAUCSL",0.90464,2025-07-24,2025-07-24
1953-07-01,"CPIAUCSL",0.41229,2025-07-24,2025-07-24
1953-08-01,"CPIAUCSL",0.59948,2025-07-24,2025-07-24
1953-09-01,"CPIAUCSL",0.97634,2025-07-24,2025-07-24
1953-10-01,"CPIAUCSL",0.97415,2025-07-24,2025-07-24
1953-11-01,"CPIAUCSL",0.59948,2025-07-24,2025-07-24
1953-12-01,"CPIAUCSL",0.59903,2025-07-24,2025-07-24
1954-01-01,"CPIAUCSL",1.12613,2025-07-24,2025-07-24
1954-02-01,"CPIAUCSL",1.50432,2025-07-24,2025-07-24
1954-03-01,"CPIAUCSL",1.12655,2025-07-24,2025-07-24
1954-04-01,"CPIAUCSL",0.63694,2025-07-24,2025-07-24
1954-05-01,"CPIAUCSL",0.86142,2025-07-24,2025-07-24
1954-06-01,"CPIAUCSL",0.63504,2025-07-24,2025-07-24
1954-07-01,"CPIAUCSL",0.26129,2025-07-24,2025-07-24
1954-08-01,"CPIAUCSL",0,2025-07-24,2025-07-24
1954-09-01,"CPIAUCSL",-0.29751,2025-07-24,2025-07-24
1954-10-01,"CPIAUCSL",-0.85343,2025-07-24,2025-07-24
1954-11-01,"CPIAUCSL",-0.26071,2025-07-24,2025-07-24
1954-12-01,"CPIAUCSL",-0.37216,2025-07-24,2025-07-24
1955-01-01,"CPIAUCSL",-0.63103,2025-07-24,2025-07-24
1955-02-01,"CPIAUCSL",-0.62986,2025-07-24,2025-07-24
1955-03-01,"CPIAUCSL",-0.51987,2025-07-24,2025-07-24
1955-04-01,"CPIAUCSL",-0.26061,2025-07-24,2025-07-24
1955-05-01,"CPIAUCSL",-0.59413,2025-07-24,2025-07-24
1955-06-01,"CPIAUCSL",-0.85375,2025-07-24,2025-07-24
1955-07-01,"CPIAUCSL",-0.3723,2025-07-24,2025-07-24
1955-08-01,"CPIAUCSL",-0.48417,2025-07-24,2025-07-24
1955-09-01,"CPIAUCSL",0.1492,2025-07-24,2025-07-24
1955-10-01,"CPIAUCSL",0.37425,2025-07-24,2025-07-24
1955-11-01,"CPIAUCSL",0.37341,2025-07-24,2025-07-24
1955-12-01,"CPIAUCSL",0.37355,2025-07-24,2025-07-24
1956-01-01,"CPIAUCSL",0.22413,2025-07-24,2025-07-24
1956-02-01,"CPIAUCSL",0.14914,2025-07-24,2025-07-24
1956-03-01,"CPIAUCSL",0.37327,2025-07-24,2025-07-24
1956-04-01,"CPIAUCSL",0.52258,2025-07-24,2025-07-24
1956-05-01,"CPIAUCSL",0.97124,2025-07-24,2025-07-24
1956-06-01,"CPIAUCSL",1.64732,2025-07-24,2025-07-24
1956-07-01,"CPIAUCSL",1.98057,2025-07-24,2025-07-24
1956-08-01,"CPIAUCSL",2.20808,2025-07-24,2025-07-24
1956-09-01,"CPIAUCSL",1.8622,2025-07-24,2025-07-24
1956-10-01,"CPIAUCSL",2.57271,2025-07-24,2025-07-24
1956-11-01,"CPIAUCSL",2.34375,2025-07-24,2025-07-24
1956-12-01,"CPIAUCSL",2.82843,2025-07-24,2025-07-24
1957-01-01,"CPIAUCSL",3.13082,2025-07-24,2025-07-24
1957-02-01,"CPIAUCSL",3.49963,2025-07-24,2025-07-24
1957-03-01,"CPIAUCSL",3.60729,2025-07-24,2025-07-24
1957-04-01,"CPIAUCSL",3.71333,2025-07-24,2025-07-24
1957-05-01,"CPIAUCSL",3.58861,2025-07-24,2025-07-24
1957-06-01,"CPIAUCSL",3.53591,2025-07-24,2025-07-24
1957-07-01,"CPIAUCSL",3.29791,2025-07-24,2025-07-24
1957-08-01,"CPIAUCSL",3.55181,2025-07-24,2025-07-24
1957-09-01,"CPIAUCSL",3.54662,2025-07-24,2025-07-24
1957-10-01,"CPIAUCSL",2.94438,2025-07-24,2025-07-24
1957-11-01,"CPIAUCSL",3.27154,2025-07-24,2025-07-24
1957-12-01,"CPIAUCSL",3.04017,2025-07-24,2025-07-24
1958-01-01,"CPIAUCSL",3.5056,2025-07-24,2025-07-24
1958-02-01,"CPIAUCSL",3.23741,2025-07-24,2025-07-24
1958-03-01,"CPIAUCSL",3.62527,2025-07-24,2025-07-24
1958-04-01,"CPIAUCSL",3.61618,2025-07-24,2025-07-24
1958-05-01,"CPIAUCSL",3.35714,2025-07-24,2025-07-24
1958-06-01,"CPIAUCSL",2.84596,2025-07-24,2025-07-24
1958-07-01,"CPIAUCSL",2.48315,2025-07-24,2025-07-24
1958-08-01,"CPIAUCSL",2.3338,2025-07-24,2025-07-24
1958-09-01,"CPIAUCSL",2.08333,2025-07-24,2025-07-24
1958-10-01,"CPIAUCSL",2.08333,2025-07-24,2025-07-24
1958-11-01,"CPIAUCSL",1.90074,2025-07-24,2025-07-24
1958-12-01,"CPIAUCSL",1.75623,2025-07-24,2025-07-24
1959-01-01,"CPIAUCSL",1.2919,2025-07-24,2025-07-24
1959-02-01,"CPIAUCSL",1.0453,2025-07-24,2025-07-24
1959-03-01,"CPIAUCSL",0.34638,2025-07-24,2025-07-24
1959-04-01,"CPIAUCSL",0.13822,2025-07-24,2025-07-24
1959-05-01,"CPIAUCSL",0.34554,2025-07-24,2025-07-24
1959-06-01,"CPIAUCSL",0.6918,2025-07-24,2025-07-24
1959-07-01,"CPIAUCSL",0.89997,2025-07-24,2025-07-24
1959-08-01,"CPIAUCSL",0.8293,2025-07-24,2025-07-24
1959-09-01,"CPIAUCSL",1.17606,2025-07-24,2025-07-24
1959-10-01,"CPIAUCSL",1.52196,2025-07-24,2025-07-24
1959-11-01,"CPIAUCSL",1.38169,2025-07-24,2025-07-24
1959-12-01,"CPIAUCSL",1.51881,2025-07-24,2025-07-24
1960-01-01,"CPIAUCSL",1.24095,2025-07-24,2025-07-24
1960-02-01,"CPIAUCSL",1.41379,2025-07-24,2025-07-24
1960-03-01,"CPIAUCSL",1.51881,2025-07-24,2025-07-24
1960-04-01,"CPIAUCSL",1.93237,2025-07-24,2025-07-24
1960-05-01,"CPIAUCSL",1.82507,2025-07-24,2025-07-24
1960-06-01,"CPIAUCSL",1.71762,2025-07-24,2025-07-24
1960-07-01,"CPIAUCSL",1.37221,2025-07-24,2025-07-24
1960-08-01,"CPIAUCSL",1.47361,2025-07-24,2025-07-24
1960-09-01,"CPIAUCSL",1.23077,2025-07-24,2025-07-24
1960-10-01,"CPIAUCSL",1.36286,2025-07-24,2025-07-24
1960-11-01,"CPIAUCSL",1.46508,2025-07-24,2025-07-24
1960-12-01,"CPIAUCSL",1.36008,2025-07-24,2025-07-24
1961-01-01,"CPIAUCSL",1.60027,2025-07-24,2025-07-24
1961-02-01,"CPIAUCSL",1.46209,2025-07-24,2025-07-24
1961-03-01,"CPIAUCSL",1.46209,2025-07-24,2025-07-24
1961-04-01,"CPIAUCSL",0.91401,2025-07-24,2025-07-24
1961-05-01,"CPIAUCSL",0.91309,2025-07-24,2025-07-24
1961-06-01,"CPIAUCSL",0.77676,2025-07-24,2025-07-24
1961-07-01,"CPIAUCSL",1.25212,2025-07-24,2025-07-24
1961-08-01,"CPIAUCSL",1.11449,2025-07-24,2025-07-24
1961-09-01,"CPIAUCSL",1.24958,2025-07-24,2025-07-24
1961-10-01,"CPIAUCSL",0.77311,2025-07-24,2025-07-24
1961-11-01,"CPIAUCSL",0.67159,2025-07-24,2025-07-24
1961-12-01,"CPIAUCSL",0.67092,2025-07-24,2025-07-24
1962-01-01,"CPIAUCSL",0.67024,2025-07-24,2025-07-24
1962-02-01,"CPIAUCSL",0.90483,2025-07-24,2025-07-24
1962-03-01,"CPIAUCSL",1.1059,2025-07-24,2025-07-24
1962-04-01,"CPIAUCSL",1.34183,2025-07-24,2025-07-24
1962-05-01,"CPIAUCSL",1.34048,2025-07-24,2025-07-24
1962-06-01,"CPIAUCSL",1.23995,2025-07-24,2025-07-24
1962-07-01,"CPIAUCSL",1.00267,2025-07-24,2025-07-24
1962-08-01,"CPIAUCSL",1.1356,2025-07-24,2025-07-24
1962-09-01,"CPIAUCSL",1.46765,2025-07-24,2025-07-24
1962-10-01,"CPIAUCSL",1.33422,2025-07-24,2025-07-24
1962-11-01,"CPIAUCSL",1.33422,2025-07-24,2025-07-24
1962-12-01,"CPIAUCSL",1.23292,2025-07-24,2025-07-24
1963-01-01,"CPIAUCSL",1.33156,2025-07-24,2025-07-24
1963-02-01,"CPIAUCSL",1.22883,2025-07-24,2025-07-24
1963-03-01,"CPIAUCSL",1.12695,2025-07-24,2025-07-24
1963-04-01,"CPIAUCSL",0.89374,2025-07-24,2025-07-24
1963-05-01,"CPIAUCSL",0.89286,2025-07-24,2025-07-24
1963-06-01,"CPIAUCSL",1.32406,2025-07-24,2025-07-24
1963-07-01,"CPIAUCSL",1.55526,2025-07-24,2025-07-24
1963-08-01,"CPIAUCSL",1.55218,2025-07-24,2025-07-24
1963-09-01,"CPIAUCSL",0.98619,2025-07-24,2025-07-24
1963-10-01,"CPIAUCSL",1.21791,2025-07-24,2025-07-24
1963-11-01,"CPIAUCSL",1.31666,2025-07-24,2025-07-24
1963-12-01,"CPIAUCSL",1.64582,2025-07-24,2025-07-24
1964-01-01,"CPIAUCSL",1.64258,2025-07-24,2025-07-24
1964-02-01,"CPIAUCSL",1.41076,2025-07-24,2025-07-24
1964-03-01,"CPIAUCSL",1.40937,2025-07-24,2025-07-24
1964-04-01,"CPIAUCSL",1.54199,2025-07-24,2025-07-24
1964-05-01,"CPIAUCSL",1.54048,2025-07-24,2025-07-24
1964-06-01,"CPIAUCSL",1.30676,2025-07-24,2025-07-24
1964-07-01,"CPIAUCSL",1.07527,2025-07-24,2025-07-24
1964-08-01,"CPIAUCSL",0.97561,2025-07-24,2025-07-24
1964-09-01,"CPIAUCSL",1.17188,2025-07-24,2025-07-24
1964-10-01,"CPIAUCSL",1.20325,2025-07-24,2025-07-24
1964-11-01,"CPIAUCSL",1.39701,2025-07-24,2025-07-24
1964-12-01,"CPIAUCSL",1.19819,2025-07-24,2025-07-24
1965-01-01,"CPIAUCSL",1.0989,2025-07-24,2025-07-24
1965-02-01,"CPIAUCSL",1.19702,2025-07-24,2025-07-24
1965-03-01,"CPIAUCSL",1.19586,2025-07-24,2025-07-24
1965-04-01,"CPIAUCSL",1.38934,2025-07-24,2025-07-24
1965-05-01,"CPIAUCSL",1.61394,2025-07-24,2025-07-24
1965-06-01,"CPIAUCSL",1.93486,2025-07-24,2025-07-24
1965-07-01,"CPIAUCSL",1.80529,2025-07-24,2025-07-24
1965-08-01,"CPIAUCSL",1.61031,2025-07-24,2025-07-24
1965-09-01,"CPIAUCSL",1.73745,2025-07-24,2025-07-24
1965-10-01,"CPIAUCSL",1.70308,2025-07-24,2025-07-24
1965-11-01,"CPIAUCSL",1.73021,2025-07-24,2025-07-24
1965-12-01,"CPIAUCSL",1.92,2025-07-24,2025-07-24
1966-01-01,"CPIAUCSL",1.91816,2025-07-24,2025-07-24
1966-02-01,"CPIAUCSL",2.55754,2025-07-24,2025-07-24
1966-03-01,"CPIAUCSL",2.77866,2025-07-24,2025-07-24
1966-04-01,"CPIAUCSL",2.86807,2025-07-24,2025-07-24
1966-05-01,"CPIAUCSL",2.76366,2025-07-24,2025-07-24
1966-06-01,"CPIAUCSL",2.43594,2025-07-24,2025-07-24
1966-07-01,"CPIAUCSL",2.75491,2025-07-24,2025-07-24
1966-08-01,"CPIAUCSL",3.48653,2025-07-24,2025-07-24
1966-09-01,"CPIAUCSL",3.57369,2025-07-24,2025-07-24
1966-10-01,"CPIAUCSL",3.79147,2025-07-24,2025-07-24
1966-11-01,"CPIAUCSL",3.55906,2025-07-24,2025-07-24
1966-12-01,"CPIAUCSL",3.3595,2025-07-24,2025-07-24
1967-01-01,"CPIAUCSL",3.1995,2025-07-24,2025-07-24
1967-02-01,"CPIAUCSL",2.86783,2025-07-24,2025-07-24
1967-03-01,"CPIAUCSL",2.54817,2025-07-24,2025-07-24
1967-04-01,"CPIAUCSL",2.54027,2025-07-24,2025-07-24
1967-05-01,"CPIAUCSL",2.31839,2025-07-24,2025-07-24
1967-06-01,"CPIAUCSL",2.84126,2025-07-24,2025-07-24
1967-07-01,"CPIAUCSL",2.92758,2025-07-24,2025-07-24
1967-08-01,"CPIAUCSL",2.60337,2025-07-24,2025-07-24
1967-09-01,"CPIAUCSL",2.59542,2025-07-24,2025-07-24
1967-10-01,"CPIAUCSL",2.58752,2025-07-24,2025-07-24
1967-11-01,"CPIAUCSL",3.10219,2025-07-24,2025-07-24
1967-12-01,"CPIAUCSL",3.28068,2025-07-24,2025-07-24
1968-01-01,"CPIAUCSL",3.64742,2025-07-24,2025-07-24
1968-02-01,"CPIAUCSL",3.63636,2025-07-24,2025-07-24
1968-03-01,"CPIAUCSL",3.93939,2025-07-24,2025-07-24
1968-04-01,"CPIAUCSL",3.92749,2025-07-24,2025-07-24
1968-05-01,"CPIAUCSL",4.22961,2025-07-24,2025-07-24
1968-06-01,"CPIAUCSL",4.2042,2025-07-24,2025-07-24
1968-07-01,"CPIAUCSL",4.49102,2025-07-24,2025-07-24
1968-08-01,"CPIAUCSL",4.47761,2025-07-24,2025-07-24
1968-09-01,"CPIAUCSL",4.46429,2025-07-24,2025-07-24
1968-10-01,"CPIAUCSL",4.74777,2025-07-24,2025-07-24
1968-11-01,"CPIAUCSL",4.42478,2025-07-24,2025-07-24
1968-12-01,"CPIAUCSL",4.70588,2025-07-24,2025-07-24
1969-01-01,"CPIAUCSL",4.69208,2025-07-24,2025-07-24
1969-02-01,"CPIAUCSL",4.67836,2025-07-24,2025-07-24
1969-03-01,"CPIAUCSL",5.24781,2025-07-24,2025-07-24
1969-04-01,"CPIAUCSL",5.52326,2025-07-24,2025-07-24
1969-05-01,"CPIAUCSL",5.50725,2025-07-24,2025-07-24
1969-06-01,"CPIAUCSL",5.4755,2025-07-24,2025-07-24
1969-07-01,"CPIAUCSL",5.44413,2025-07-24,2025-07-24
1969-08-01,"CPIAUCSL",5.42857,2025-07-24,2025-07-24
1969-09-01,"CPIAUCSL",5.69801,2025-07-24,2025-07-24
1969-10-01,"CPIAUCSL",5.66572,2025-07-24,2025-07-24
1969-11-01,"CPIAUCSL",5.9322,2025-07-24,2025-07-24
1969-12-01,"CPIAUCSL",5.89888,2025-07-24,2025-07-24
1970-01-01,"CPIAUCSL",6.16246,2025-07-24,2025-07-24
1970-02-01,"CPIAUCSL",6.42458,2025-07-24,2025-07-24
1970-03-01,"CPIAUCSL",6.09418,2025-07-24,2025-07-24
1970-04-01,"CPIAUCSL",6.06061,2025-07-24,2025-07-24
1970-05-01,"CPIAUCSL",6.04396,2025-07-24,2025-07-24
1970-06-01,"CPIAUCSL",6.01093,2025-07-24,2025-07-24
1970-07-01,"CPIAUCSL",5.70652,2025-07-24,2025-07-24
1970-08-01,"CPIAUCSL",5.69106,2025-07-24,2025-07-24
1970-09-01,"CPIAUCSL",5.66038,2025-07-24,2025-07-24
1970-10-01,"CPIAUCSL",5.63003,2025-07-24,2025-07-24
1970-11-01,"CPIAUCSL",5.6,2025-07-24,2025-07-24
1970-12-01,"CPIAUCSL",5.57029,2025-07-24,2025-07-24
1971-01-01,"CPIAUCSL",5.27704,2025-07-24,2025-07-24
1971-02-01,"CPIAUCSL",4.72441,2025-07-24,2025-07-24
1971-03-01,"CPIAUCSL",4.43864,2025-07-24,2025-07-24
1971-04-01,"CPIAUCSL",4.15584,2025-07-24,2025-07-24
1971-05-01,"CPIAUCSL",4.40415,2025-07-24,2025-07-24
1971-06-01,"CPIAUCSL",4.38144,2025-07-24,2025-07-24
1971-07-01,"CPIAUCSL",4.37018,2025-07-24,2025-07-24
1971-08-01,"CPIAUCSL",4.35897,2025-07-24,2025-07-24
1971-09-01,"CPIAUCSL",4.08163,2025-07-24,2025-07-24
1971-10-01,"CPIAUCSL",3.80711,2025-07-24,2025-07-24
1971-11-01,"CPIAUCSL",3.53535,2025-07-24,2025-07-24
1971-12-01,"CPIAUCSL",3.26633,2025-07-24,2025-07-24
1972-01-01,"CPIAUCSL",3.25815,2025-07-24,2025-07-24
1972-02-01,"CPIAUCSL",3.7594,2025-07-24,2025-07-24
1972-03-01,"CPIAUCSL",3.5,2025-07-24,2025-07-24
1972-04-01,"CPIAUCSL",3.49127,2025-07-24,2025-07-24
1972-05-01,"CPIAUCSL",3.22581,2025-07-24,2025-07-24
1972-06-01,"CPIAUCSL",2.96296,2025-07-24,2025-07-24
1972-07-01,"CPIAUCSL",2.95567,2025-07-24,2025-07-24
1972-08-01,"CPIAUCSL",2.9484,2025-07-24,2025-07-24
1972-09-01,"CPIAUCSL",3.18627,2025-07-24,2025-07-24
1972-10-01,"CPIAUCSL",3.17848,2025-07-24,2025-07-24
1972-11-01,"CPIAUCSL",3.41463,2025-07-24,2025-07-24
1972-12-01,"CPIAUCSL",3.40633,2025-07-24,2025-07-24
1973-01-01,"CPIAUCSL",3.64078,2025-07-24,2025-07-24
1973-02-01,"CPIAUCSL",3.86473,2025-07-24,2025-07-24
1973-03-01,"CPIAUCSL",4.83092,2025-07-24,2025-07-24
1973-04-01,"CPIAUCSL",5.3012,2025-07-24,2025-07-24
1973-05-01,"CPIAUCSL",5.52885,2025-07-24,2025-07-24
1973-06-01,"CPIAUCSL",5.9952,2025-07-24,2025-07-24
1973-07-01,"CPIAUCSL",5.74163,2025-07-24,2025-07-24
1973-08-01,"CPIAUCSL",7.39857,2025-07-24,2025-07-24
1973-09-01,"CPIAUCSL",7.36342,2025-07-24,2025-07-24
1973-10-01,"CPIAUCSL",8.05687,2025-07-24,2025-07-24
1973-11-01,"CPIAUCSL",8.25472,2025-07-24,2025-07-24
1973-12-01,"CPIAUCSL",8.94118,2025-07-24,2025-07-24
1974-01-01,"CPIAUCSL",9.60187,2025-07-24,2025-07-24
1974-02-01,"CPIAUCSL",10,2025-07-24,2025-07-24
1974-03-01,"CPIAUCSL",10.13825,2025-07-24,2025-07-24
1974-04-01,"CPIAUCSL",10.06865,2025-07-24,2025-07-24
1974-05-01,"CPIAUCSL",10.70615,2025-07-24,2025-07-24
1974-06-01,"CPIAUCSL",10.85973,2025-07-24,2025-07-24
1974-07-01,"CPIAUCSL",11.53846,2025-07-24,2025-07-24
1974-08-01,"CPIAUCSL",10.88889,2025-07-24,2025-07-24
1974-09-01,"CPIAUCSL",11.9469,2025-07-24,2025-07-24
1974-10-01,"CPIAUCSL",11.84211,2025-07-24,2025-07-24
1974-11-01,"CPIAUCSL",12.20044,2025-07-24,2025-07-24
1974-12-01,"CPIAUCSL",12.09503,2025-07-24,2025-07-24
1975-01-01,"CPIAUCSL",11.75214,2025-07-24,2025-07-24
1975-02-01,"CPIAUCSL",11.20507,2025-07-24,2025-07-24
1975-03-01,"CPIAUCSL",10.46025,2025-07-24,2025-07-24
1975-04-01,"CPIAUCSL",10.18711,2025-07-24,2025-07-24
1975-05-01,"CPIAUCSL",9.25926,2025-07-24,2025-07-24
1975-06-01,"CPIAUCSL",9.18367,2025-07-24,2025-07-24
1975-07-01,"CPIAUCSL",9.53347,2025-07-24,2025-07-24
1975-08-01,"CPIAUCSL",8.61723,2025-07-24,2025-07-24
1975-09-01,"CPIAUCSL",7.90514,2025-07-24,2025-07-24
1975-10-01,"CPIAUCSL",7.64706,2025-07-24,2025-07-24
1975-11-01,"CPIAUCSL",7.37864,2025-07-24,2025-07-24
1975-12-01,"CPIAUCSL",7.12909,2025-07-24,2025-07-24
1976-01-01,"CPIAUCSL",6.69216,2025-07-24,2025-07-24
1976-02-01,"CPIAUCSL",6.27376,2025-07-24,2025-07-24
1976-03-01,"CPIAUCSL",6.06061,2025-07-24,2025-07-24
1976-04-01,"CPIAUCSL",5.84906,2025-07-24,2025-07-24
1976-05-01,"CPIAUCSL",6.21469,2025-07-24,2025-07-24
1976-06-01,"CPIAUCSL",5.98131,2025-07-24,2025-07-24
1976-07-01,"CPIAUCSL",5.55556,2025-07-24,2025-07-24
1976-08-01,"CPIAUCSL",5.71956,2025-07-24,2025-07-24
1976-09-01,"CPIAUCSL",5.49451,2025-07-24,2025-07-24
1976-10-01,"CPIAUCSL",5.46448,2025-07-24,2025-07-24
1976-11-01,"CPIAUCSL",5.06329,2025-07-24,2025-07-24
1976-12-01,"CPIAUCSL",5.03597,2025-07-24,2025-07-24
1977-01-01,"CPIAUCSL",5.19713,2025-07-24,2025-07-24
1977-02-01,"CPIAUCSL",6.08229,2025-07-24,2025-07-24
1977-03-01,"CPIAUCSL",6.42857,2025-07-24,2025-07-24
1977-04-01,"CPIAUCSL",6.95187,2025-07-24,2025-07-24
1977-05-01,"CPIAUCSL",6.73759,2025-07-24,2025-07-24
1977-06-01,"CPIAUCSL",6.70194,2025-07-24,2025-07-24
1977-07-01,"CPIAUCSL",6.66667,2025-07-24,2025-07-24
1977-08-01,"CPIAUCSL",6.63176,2025-07-24,2025-07-24
1977-09-01,"CPIAUCSL",6.42361,2025-07-24,2025-07-24
1977-10-01,"CPIAUCSL",6.39033,2025-07-24,2025-07-24
1977-11-01,"CPIAUCSL",6.71256,2025-07-24,2025-07-24
1977-12-01,"CPIAUCSL",6.67808,2025-07-24,2025-07-24
1978-01-01,"CPIAUCSL",6.81431,2025-07-24,2025-07-24
1978-02-01,"CPIAUCSL",6.23946,2025-07-24,2025-07-24
1978-03-01,"CPIAUCSL",6.37584,2025-07-24,2025-07-24
1978-04-01,"CPIAUCSL",6.5,2025-07-24,2025-07-24
1978-05-01,"CPIAUCSL",7.14286,2025-07-24,2025-07-24
1978-06-01,"CPIAUCSL",7.43802,2025-07-24,2025-07-24
1978-07-01,"CPIAUCSL",7.73026,2025-07-24,2025-07-24
1978-08-01,"CPIAUCSL",7.85597,2025-07-24,2025-07-24
1978-09-01,"CPIAUCSL",8.48287,2025-07-24,2025-07-24
1978-10-01,"CPIAUCSL",8.92857,2025-07-24,2025-07-24
1978-11-01,"CPIAUCSL",8.87097,2025-07-24,2025-07-24
1978-12-01,"CPIAUCSL",8.98876,2025-07-24,2025-07-24
1979-01-01,"CPIAUCSL",9.2504,2025-07-24,2025-07-24
1979-02-01,"CPIAUCSL",9.84127,2025-07-24,2025-07-24
1979-03-01,"CPIAUCSL",10.25237,2025-07-24,2025-07-24
1979-04-01,"CPIAUCSL",10.48513,2025-07-24,2025-07-24
1979-05-01,"CPIAUCSL",10.69767,2025-07-24,2025-07-24
1979-06-01,"CPIAUCSL",11.07692,2025-07-24,2025-07-24
1979-07-01,"CPIAUCSL",11.45038,2025-07-24,2025-07-24
1979-08-01,"CPIAUCSL",11.83612,2025-07-24,2025-07-24
1979-09-01,"CPIAUCSL",11.8797,2025-07-24,2025-07-24
1979-10-01,"CPIAUCSL",12.07154,2025-07-24,2025-07-24
1979-11-01,"CPIAUCSL",12.59259,2025-07-24,2025-07-24
1979-12-01,"CPIAUCSL",13.25479,2025-07-24,2025-07-24
1980-01-01,"CPIAUCSL",13.86861,2025-07-24,2025-07-24
1980-02-01,"CPIAUCSL",14.16185,2025-07-24,2025-07-24
1980-03-01,"CPIAUCSL",14.59227,2025-07-24,2025-07-24
1980-04-01,"CPIAUCSL",14.58924,2025-07-24,2025-07-24
1980-05-01,"CPIAUCSL",14.42577,2025-07-24,2025-07-24
1980-06-01,"CPIAUCSL",14.26593,2025-07-24,2025-07-24
1980-07-01,"CPIAUCSL",13.15068,2025-07-24,2025-07-24
1980-08-01,"CPIAUCSL",12.89009,2025-07-24,2025-07-24
1980-09-01,"CPIAUCSL",12.76882,2025-07-24,2025-07-24
1980-10-01,"CPIAUCSL",12.63298,2025-07-24,2025-07-24
1980-11-01,"CPIAUCSL",12.63158,2025-07-24,2025-07-24
1980-12-01,"CPIAUCSL",12.35371,2025-07-24,2025-07-24
1981-01-01,"CPIAUCSL",11.79487,2025-07-24,2025-07-24
1981-02-01,"CPIAUCSL",11.39241,2025-07-24,2025-07-24
1981-03-01,"CPIAUCSL",10.61174,2025-07-24,2025-07-24
1981-04-01,"CPIAUCSL",10.13597,2025-07-24,2025-07-24
1981-05-01,"CPIAUCSL",9.79192,2025-07-24,2025-07-24
1981-06-01,"CPIAUCSL",9.69697,2025-07-24,2025-07-24
1981-07-01,"CPIAUCSL",10.77482,2025-07-24,2025-07-24
1981-08-01,"CPIAUCSL",10.81731,2025-07-24,2025-07-24
1981-09-01,"CPIAUCSL",10.96544,2025-07-24,2025-07-24
1981-10-01,"CPIAUCSL",10.27155,2025-07-24,2025-07-24
1981-11-01,"CPIAUCSL",9.57944,2025-07-24,2025-07-24
1981-12-01,"CPIAUCSL",8.91204,2025-07-24,2025-07-24
1982-01-01,"CPIAUCSL",8.25688,2025-07-24,2025-07-24
1982-02-01,"CPIAUCSL",7.61364,2025-07-24,2025-07-24
1982-03-01,"CPIAUCSL",6.88488,2025-07-24,2025-07-24
1982-04-01,"CPIAUCSL",6.62177,2025-07-24,2025-07-24
1982-05-01,"CPIAUCSL",6.91193,2025-07-24,2025-07-24
1982-06-01,"CPIAUCSL",7.18232,2025-07-24,2025-07-24
1982-07-01,"CPIAUCSL",6.55738,2025-07-24,2025-07-24
1982-08-01,"CPIAUCSL",5.96529,2025-07-24,2025-07-24
1982-09-01,"CPIAUCSL",4.94092,2025-07-24,2025-07-24
1982-10-01,"CPIAUCSL",5.03212,2025-07-24,2025-07-24
1982-11-01,"CPIAUCSL",4.47761,2025-07-24,2025-07-24
1982-12-01,"CPIAUCSL",3.82572,2025-07-24,2025-07-24
1983-01-01,"CPIAUCSL",3.70763,2025-07-24,2025-07-24
1983-02-01,"CPIAUCSL",3.48469,2025-07-24,2025-07-24
1983-03-01,"CPIAUCSL",3.59029,2025-07-24,2025-07-24
1983-04-01,"CPIAUCSL",4,2025-07-24,2025-07-24
1983-05-01,"CPIAUCSL",3.44108,2025-07-24,2025-07-24
1983-06-01,"CPIAUCSL",2.47423,2025-07-24,2025-07-24
1983-07-01,"CPIAUCSL",2.35897,2025-07-24,2025-07-24
1983-08-01,"CPIAUCSL",2.4565,2025-07-24,2025-07-24
1983-09-01,"CPIAUCSL",2.76356,2025-07-24,2025-07-24
1983-10-01,"CPIAUCSL",2.75229,2025-07-24,2025-07-24
1983-11-01,"CPIAUCSL",3.16327,2025-07-24,2025-07-24
1983-12-01,"CPIAUCSL",3.7871,2025-07-24,2025-07-24
1984-01-01,"CPIAUCSL",4.29009,2025-07-24,2025-07-24
1984-02-01,"CPIAUCSL",4.69388,2025-07-24,2025-07-24
1984-03-01,"CPIAUCSL",4.89297,2025-07-24,2025-07-24
1984-04-01,"CPIAUCSL",4.55466,2025-07-24,2025-07-24
1984-05-01,"CPIAUCSL",4.33468,2025-07-24,2025-07-24
1984-06-01,"CPIAUCSL",4.32596,2025-07-24,2025-07-24
1984-07-01,"CPIAUCSL",4.30862,2025-07-24,2025-07-24
1984-08-01,"CPIAUCSL",4.2957,2025-07-24,2025-07-24
1984-09-01,"CPIAUCSL",4.28287,2025-07-24,2025-07-24
1984-10-01,"CPIAUCSL",4.26587,2025-07-24,2025-07-24
1984-11-01,"CPIAUCSL",4.1543,2025-07-24,2025-07-24
1984-12-01,"CPIAUCSL",4.04339,2025-07-24,2025-07-24
1985-01-01,"CPIAUCSL",3.52595,2025-07-24,2025-07-24
1985-02-01,"CPIAUCSL",3.60624,2025-07-24,2025-07-24
1985-03-01,"CPIAUCSL",3.79009,2025-07-24,2025-07-24
1985-04-01,"CPIAUCSL",3.5818,2025-07-24,2025-07-24
1985-05-01,"CPIAUCSL",3.57488,2025-07-24,2025-07-24
1985-06-01,"CPIAUCSL",3.66442,2025-07-24,2025-07-24
1985-07-01,"CPIAUCSL",3.45821,2025-07-24,2025-07-24
1985-08-01,"CPIAUCSL",3.35249,2025-07-24,2025-07-24
1985-09-01,"CPIAUCSL",3.24737,2025-07-24,2025-07-24
1985-10-01,"CPIAUCSL",3.23501,2025-07-24,2025-07-24
1985-11-01,"CPIAUCSL",3.51377,2025-07-24,2025-07-24
1985-12-01,"CPIAUCSL",3.79147,2025-07-24,2025-07-24
1986-01-01,"CPIAUCSL",3.97351,2025-07-24,2025-07-24
1986-02-01,"CPIAUCSL",3.19849,2025-07-24,2025-07-24
1986-03-01,"CPIAUCSL",2.15356,2025-07-24,2025-07-24
1986-04-01,"CPIAUCSL",1.58879,2025-07-24,2025-07-24
1986-05-01,"CPIAUCSL",1.6791,2025-07-24,2025-07-24
1986-06-01,"CPIAUCSL",1.76744,2025-07-24,2025-07-24
1986-07-01,"CPIAUCSL",1.67131,2025-07-24,2025-07-24
1986-08-01,"CPIAUCSL",1.57553,2025-07-24,2025-07-24
1986-09-01,"CPIAUCSL",1.75763,2025-07-24,2025-07-24
1986-10-01,"CPIAUCSL",1.56682,2025-07-24,2025-07-24
1986-11-01,"CPIAUCSL",1.2844,2025-07-24,2025-07-24
1986-12-01,"CPIAUCSL",1.18721,2025-07-24,2025-07-24
1987-01-01,"CPIAUCSL",1.36488,2025-07-24,2025-07-24
1987-02-01,"CPIAUCSL",1.91431,2025-07-24,2025-07-24
1987-03-01,"CPIAUCSL",2.84143,2025-07-24,2025-07-24
1987-04-01,"CPIAUCSL",3.67985,2025-07-24,2025-07-24
1987-05-01,"CPIAUCSL",3.66972,2025-07-24,2025-07-24
1987-06-01,"CPIAUCSL",3.74771,2025-07-24,2025-07-24
1987-07-01,"CPIAUCSL",3.92694,2025-07-24,2025-07-24
1987-08-01,"CPIAUCSL",4.28832,2025-07-24,2025-07-24
1987-09-01,"CPIAUCSL",4.27273,2025-07-24,2025-07-24
1987-10-01,"CPIAUCSL",4.35572,2025-07-24,2025-07-24
1987-11-01,"CPIAUCSL",4.52899,2025-07-24,2025-07-24
1987-12-01,"CPIAUCSL",4.33213,2025-07-24,2025-07-24
1988-01-01,"CPIAUCSL",4.12926,2025-07-24,2025-07-24
1988-02-01,"CPIAUCSL",3.9356,2025-07-24,2025-07-24
1988-03-01,"CPIAUCSL",3.83244,2025-07-24,2025-07-24
1988-04-01,"CPIAUCSL",3.9929,2025-07-24,2025-07-24
1988-05-01,"CPIAUCSL",3.9823,2025-07-24,2025-07-24
1988-06-01,"CPIAUCSL",3.96476,2025-07-24,2025-07-24
1988-07-01,"CPIAUCSL",4.13005,2025-07-24,2025-07-24
1988-08-01,"CPIAUCSL",4.11199,2025-07-24,2025-07-24
1988-09-01,"CPIAUCSL",4.18483,2025-07-24,2025-07-24
1988-10-01,"CPIAUCSL",4.26087,2025-07-24,2025-07-24
1988-11-01,"CPIAUCSL",4.2461,2025-07-24,2025-07-24
1988-12-01,"CPIAUCSL",4.41176,2025-07-24,2025-07-24
1989-01-01,"CPIAUCSL",4.48276,2025-07-24,2025-07-24
1989-02-01,"CPIAUCSL",4.64716,2025-07-24,2025-07-24
1989-03-01,"CPIAUCSL",4.8927,2025-07-24,2025-07-24
1989-04-01,"CPIAUCSL",5.03413,2025-07-24,2025-07-24
1989-05-01,"CPIAUCSL",5.2766,2025-07-24,2025-07-24
1989-06-01,"CPIAUCSL",5.16949,2025-07-24,2025-07-24
1989-07-01,"CPIAUCSL",5.06329,2025-07-24,2025-07-24
1989-08-01,"CPIAUCSL",4.62185,2025-07-24,2025-07-24
1989-09-01,"CPIAUCSL",4.43515,2025-07-24,2025-07-24
1989-10-01,"CPIAUCSL",4.58716,2025-07-24,2025-07-24
1989-11-01,"CPIAUCSL",4.65503,2025-07-24,2025-07-24
1989-12-01,"CPIAUCSL",4.6396,2025-07-24,2025-07-24
1990-01-01,"CPIAUCSL",5.19802,2025-07-24,2025-07-24
1990-02-01,"CPIAUCSL",5.26316,2025-07-24,2025-07-24
1990-03-01,"CPIAUCSL",5.23732,2025-07-24,2025-07-24
1990-04-01,"CPIAUCSL",4.71162,2025-07-24,2025-07-24
1990-05-01,"CPIAUCSL",4.3654,2025-07-24,2025-07-24
1990-06-01,"CPIAUCSL",4.67365,2025-07-24,2025-07-24
1990-07-01,"CPIAUCSL",4.81928,2025-07-24,2025-07-24
1990-08-01,"CPIAUCSL",5.70281,2025-07-24,2025-07-24
1990-09-01,"CPIAUCSL",6.16987,2025-07-24,2025-07-24
1990-10-01,"CPIAUCSL",6.37959,2025-07-24,2025-07-24
1990-11-01,"CPIAUCSL",6.19539,2025-07-24,2025-07-24
1990-12-01,"CPIAUCSL",6.25495,2025-07-24,2025-07-24
1991-01-01,"CPIAUCSL",5.64706,2025-07-24,2025-07-24
1991-02-01,"CPIAUCSL",5.3125,2025-07-24,2025-07-24
1991-03-01,"CPIAUCSL",4.82115,2025-07-24,2025-07-24
1991-04-01,"CPIAUCSL",4.80993,2025-07-24,2025-07-24
1991-05-01,"CPIAUCSL",5.03486,2025-07-24,2025-07-24
1991-06-01,"CPIAUCSL",4.69592,2025-07-24,2025-07-24
1991-07-01,"CPIAUCSL",4.36782,2025-07-24,2025-07-24
1991-08-01,"CPIAUCSL",3.79939,2025-07-24,2025-07-24
1991-09-01,"CPIAUCSL",3.39623,2025-07-24,2025-07-24
1991-10-01,"CPIAUCSL",2.84858,2025-07-24,2025-07-24
1991-11-01,"CPIAUCSL",3.06657,2025-07-24,2025-07-24
1991-12-01,"CPIAUCSL",2.98063,2025-07-24,2025-07-24
1992-01-01,"CPIAUCSL",2.67261,2025-07-24,2025-07-24
1992-02-01,"CPIAUCSL",2.81899,2025-07-24,2025-07-24
1992-03-01,"CPIAUCSL",3.18991,2025-07-24,2025-07-24
1992-04-01,"CPIAUCSL",3.18283,2025-07-24,2025-07-24
1992-05-01,"CPIAUCSL",3.0236,2025-07-24,2025-07-24
1992-06-01,"CPIAUCSL",3.01471,2025-07-24,2025-07-24
1992-07-01,"CPIAUCSL",3.15712,2025-07-24,2025-07-24
1992-08-01,"CPIAUCSL",3.07467,2025-07-24,2025-07-24
1992-09-01,"CPIAUCSL",2.9927,2025-07-24,2025-07-24
1992-10-01,"CPIAUCSL",3.27988,2025-07-24,2025-07-24
1992-11-01,"CPIAUCSL",3.12046,2025-07-24,2025-07-24
1992-12-01,"CPIAUCSL",2.96671,2025-07-24,2025-07-24
1993-01-01,"CPIAUCSL",3.2538,2025-07-24,2025-07-24
1993-02-01,"CPIAUCSL",3.24675,2025-07-24,2025-07-24
1993-03-01,"CPIAUCSL",3.01941,2025-07-24,2025-07-24
1993-04-01,"CPIAUCSL",3.15638,2025-07-24,2025-07-24
1993-05-01,"CPIAUCSL",3.22119,2025-07-24,2025-07-24
1993-06-01,"CPIAUCSL",2.99786,2025-07-24,2025-07-24
1993-07-01,"CPIAUCSL",2.84698,2025-07-24,2025-07-24
1993-08-01,"CPIAUCSL",2.84091,2025-07-24,2025-07-24
1993-09-01,"CPIAUCSL",2.764,2025-07-24,2025-07-24
1993-10-01,"CPIAUCSL",2.75229,2025-07-24,2025-07-24
1993-11-01,"CPIAUCSL",2.74455,2025-07-24,2025-07-24
1993-12-01,"CPIAUCSL",2.81096,2025-07-24,2025-07-24
1994-01-01,"CPIAUCSL",2.45098,2025-07-24,2025-07-24
1994-02-01,"CPIAUCSL",2.51572,2025-07-24,2025-07-24
1994-03-01,"CPIAUCSL",2.65178,2025-07-24,2025-07-24
1994-04-01,"CPIAUCSL",2.36439,2025-07-24,2025-07-24
1994-05-01,"CPIAUCSL",2.28849,2025-07-24,2025-07-24
1994-06-01,"CPIAUCSL",2.4948,2025-07-24,2025-07-24
1994-07-01,"CPIAUCSL",2.69896,2025-07-24,2025-07-24
1994-08-01,"CPIAUCSL",2.90055,2025-07-24,2025-07-24
1994-09-01,"CPIAUCSL",2.96552,2025-07-24,2025-07-24
1994-10-01,"CPIAUCSL",2.60989,2025-07-24,2025-07-24
1994-11-01,"CPIAUCSL",2.60274,2025-07-24,2025-07-24
1994-12-01,"CPIAUCSL",2.5974,2025-07-24,2025-07-24
1995-01-01,"CPIAUCSL",2.87081,2025-07-24,2025-07-24
1995-02-01,"CPIAUCSL",2.86299,2025-07-24,2025-07-24
1995-03-01,"CPIAUCSL",2.78722,2025-07-24,2025-07-24
1995-04-01,"CPIAUCSL",3.125,2025-07-24,2025-07-24
1995-05-01,"CPIAUCSL",3.11864,2025-07-24,2025-07-24
1995-06-01,"CPIAUCSL",3.0426,2025-07-24,2025-07-24
1995-07-01,"CPIAUCSL",2.83019,2025-07-24,2025-07-24
1995-08-01,"CPIAUCSL",2.61745,2025-07-24,2025-07-24
1995-09-01,"CPIAUCSL",2.54521,2025-07-24,2025-07-24
1995-10-01,"CPIAUCSL",2.74431,2025-07-24,2025-07-24
1995-11-01,"CPIAUCSL",2.60347,2025-07-24,2025-07-24
1995-12-01,"CPIAUCSL",2.53165,2025-07-24,2025-07-24
1996-01-01,"CPIAUCSL",2.7907,2025-07-24,2025-07-24
1996-02-01,"CPIAUCSL",2.71703,2025-07-24,2025-07-24
1996-03-01,"CPIAUCSL",2.84392,2025-07-24,2025-07-24
1996-04-01,"CPIAUCSL",2.83267,2025-07-24,2025-07-24
1996-05-01,"CPIAUCSL",2.82709,2025-07-24,2025-07-24
1996-06-01,"CPIAUCSL",2.82152,2025-07-24,2025-07-24
1996-07-01,"CPIAUCSL",2.88336,2025-07-24,2025-07-24
1996-08-01,"CPIAUCSL",2.8123,2025-07-24,2025-07-24
1996-09-01,"CPIAUCSL",3.00457,2025-07-24,2025-07-24
1996-10-01,"CPIAUCSL",3.06189,2025-07-24,2025-07-24
1996-11-01,"CPIAUCSL",3.25309,2025-07-24,2025-07-24
1996-12-01,"CPIAUCSL",3.37882,2025-07-24,2025-07-24
1997-01-01,"CPIAUCSL",3.03814,2025-07-24,2025-07-24
1997-02-01,"CPIAUCSL",3.03226,2025-07-24,2025-07-24
1997-03-01,"CPIAUCSL",2.76527,2025-07-24,2025-07-24
1997-04-01,"CPIAUCSL",2.43434,2025-07-24,2025-07-24
1997-05-01,"CPIAUCSL",2.23785,2025-07-24,2025-07-24
1997-06-01,"CPIAUCSL",2.23357,2025-07-24,2025-07-24
1997-07-01,"CPIAUCSL",2.16561,2025-07-24,2025-07-24
1997-08-01,"CPIAUCSL",2.29008,2025-07-24,2025-07-24
1997-09-01,"CPIAUCSL",2.2194,2025-07-24,2025-07-24
1997-10-01,"CPIAUCSL",2.08597,2025-07-24,2025-07-24
1997-11-01,"CPIAUCSL",1.89036,2025-07-24,2025-07-24
1997-12-01,"CPIAUCSL",1.69705,2025-07-24,2025-07-24
1998-01-01,"CPIAUCSL",1.63112,2025-07-24,2025-07-24
1998-02-01,"CPIAUCSL",1.4402,2025-07-24,2025-07-24
1998-03-01,"CPIAUCSL",1.37672,2025-07-24,2025-07-24
1998-04-01,"CPIAUCSL",1.4384,2025-07-24,2025-07-24
1998-05-01,"CPIAUCSL",1.68856,2025-07-24,2025-07-24
1998-06-01,"CPIAUCSL",1.62297,2025-07-24,2025-07-24
1998-07-01,"CPIAUCSL",1.74564,2025-07-24,2025-07-24
1998-08-01,"CPIAUCSL",1.61692,2025-07-24,2025-07-24
1998-09-01,"CPIAUCSL",1.4268,2025-07-24,2025-07-24
1998-10-01,"CPIAUCSL",1.48607,2025-07-24,2025-07-24
1998-11-01,"CPIAUCSL",1.48423,2025-07-24,2025-07-24
1998-12-01,"CPIAUCSL",1.60692,2025-07-24,2025-07-24
1999-01-01,"CPIAUCSL",1.66667,2025-07-24,2025-07-24
1999-02-01,"CPIAUCSL",1.66667,2025-07-24,2025-07-24
1999-03-01,"CPIAUCSL",1.7284,2025-07-24,2025-07-24
1999-04-01,"CPIAUCSL",2.28113,2025-07-24,2025-07-24
1999-05-01,"CPIAUCSL",2.09102,2025-07-24,2025-07-24
1999-06-01,"CPIAUCSL",1.9656,2025-07-24,2025-07-24
1999-07-01,"CPIAUCSL",2.14461,2025-07-24,2025-07-24
1999-08-01,"CPIAUCSL",2.26438,2025-07-24,2025-07-24
1999-09-01,"CPIAUCSL",2.62997,2025-07-24,2025-07-24
1999-10-01,"CPIAUCSL",2.56254,2025-07-24,2025-07-24
1999-11-01,"CPIAUCSL",2.62035,2025-07-24,2025-07-24
1999-12-01,"CPIAUCSL",2.6764,2025-07-24,2025-07-24
2000-01-01,"CPIAUCSL",2.79296,2025-07-24,2025-07-24
2000-02-01,"CPIAUCSL",3.21797,2025-07-24,2025-07-24
2000-03-01,"CPIAUCSL",3.76214,2025-07-24,2025-07-24
2000-04-01,"CPIAUCSL",3.01386,2025-07-24,2025-07-24
2000-05-01,"CPIAUCSL",3.13253,2025-07-24,2025-07-24
2000-06-01,"CPIAUCSL",3.73494,2025-07-24,2025-07-24
2000-07-01,"CPIAUCSL",3.59928,2025-07-24,2025-07-24
2000-08-01,"CPIAUCSL",3.35129,2025-07-24,2025-07-24
2000-09-01,"CPIAUCSL",3.4565,2025-07-24,2025-07-24
2000-10-01,"CPIAUCSL",3.45033,2025-07-24,2025-07-24
2000-11-01,"CPIAUCSL",3.44418,2025-07-24,2025-07-24
2000-12-01,"CPIAUCSL",3.43602,2025-07-24,2025-07-24
2001-01-01,"CPIAUCSL",3.7212,2025-07-24,2025-07-24
2001-02-01,"CPIAUCSL",3.52941,2025-07-24,2025-07-24
2001-03-01,"CPIAUCSL",2.98246,2025-07-24,2025-07-24
2001-04-01,"CPIAUCSL",3.21826,2025-07-24,2025-07-24
2001-05-01,"CPIAUCSL",3.56308,2025-07-24,2025-07-24
2001-06-01,"CPIAUCSL",3.19396,2025-07-24,2025-07-24
2001-07-01,"CPIAUCSL",2.72148,2025-07-24,2025-07-24
2001-08-01,"CPIAUCSL",2.72148,2025-07-24,2025-07-24
2001-09-01,"CPIAUCSL",2.59217,2025-07-24,2025-07-24
2001-10-01,"CPIAUCSL",2.12766,2025-07-24,2025-07-24
2001-11-01,"CPIAUCSL",1.89437,2025-07-24,2025-07-24
2001-12-01,"CPIAUCSL",1.60367,2025-07-24,2025-07-24
2002-01-01,"CPIAUCSL",1.1959,2025-07-24,2025-07-24
2002-02-01,"CPIAUCSL",1.13636,2025-07-24,2025-07-24
2002-03-01,"CPIAUCSL",1.36286,2025-07-24,2025-07-24
2002-04-01,"CPIAUCSL",1.64399,2025-07-24,2025-07-24
2002-05-01,"CPIAUCSL",1.24083,2025-07-24,2025-07-24
2002-06-01,"CPIAUCSL",1.06922,2025-07-24,2025-07-24
2002-07-01,"CPIAUCSL",1.46561,2025-07-24,2025-07-24
2002-08-01,"CPIAUCSL",1.74746,2025-07-24,2025-07-24
2002-09-01,"CPIAUCSL",1.516,2025-07-24,2025-07-24
2002-10-01,"CPIAUCSL",2.02703,2025-07-24,2025-07-24
2002-11-01,"CPIAUCSL",2.25352,2025-07-24,2025-07-24
2002-12-01,"CPIAUCSL",2.48027,2025-07-24,2025-07-24
2003-01-01,"CPIAUCSL",2.75746,2025-07-24,2025-07-24
2003-02-01,"CPIAUCSL",3.14607,2025-07-24,2025-07-24
2003-03-01,"CPIAUCSL",3.02521,2025-07-24,2025-07-24
2003-04-01,"CPIAUCSL",2.17513,2025-07-24,2025-07-24
2003-05-01,"CPIAUCSL",1.89415,2025-07-24,2025-07-24
2003-06-01,"CPIAUCSL",1.94878,2025-07-24,2025-07-24
2003-07-01,"CPIAUCSL",2.05556,2025-07-24,2025-07-24
2003-08-01,"CPIAUCSL",2.21607,2025-07-24,2025-07-24
2003-09-01,"CPIAUCSL",2.37832,2025-07-24,2025-07-24
2003-10-01,"CPIAUCSL",2.04194,2025-07-24,2025-07-24
2003-11-01,"CPIAUCSL",1.92837,2025-07-24,2025-07-24
2003-12-01,"CPIAUCSL",2.0352,2025-07-24,2025-07-24
2004-01-01,"CPIAUCSL",2.02629,2025-07-24,2025-07-24
2004-02-01,"CPIAUCSL",1.68845,2025-07-24,2025-07-24
2004-03-01,"CPIAUCSL",1.74008,2025-07-24,2025-07-24
2004-04-01,"CPIAUCSL",2.29258,2025-07-24,2025-07-24
2004-05-01,"CPIAUCSL",2.89776,2025-07-24,2025-07-24
2004-06-01,"CPIAUCSL",3.16767,2025-07-24,2025-07-24
2004-07-01,"CPIAUCSL",2.93958,2025-07-24,2025-07-24
2004-08-01,"CPIAUCSL",2.54743,2025-07-24,2025-07-24
2004-09-01,"CPIAUCSL",2.53917,2025-07-24,2025-07-24
2004-10-01,"CPIAUCSL",3.19091,2025-07-24,2025-07-24
2004-11-01,"CPIAUCSL",3.62162,2025-07-24,2025-07-24
2004-12-01,"CPIAUCSL",3.34232,2025-07-24,2025-07-24
2005-01-01,"CPIAUCSL",2.84487,2025-07-24,2025-07-24
2005-02-01,"CPIAUCSL",3.05303,2025-07-24,2025-07-24
2005-03-01,"CPIAUCSL",3.20684,2025-07-24,2025-07-24
2005-04-01,"CPIAUCSL",3.36179,2025-07-24,2025-07-24
2005-05-01,"CPIAUCSL",2.86929,2025-07-24,2025-07-24
2005-06-01,"CPIAUCSL",2.54103,2025-07-24,2025-07-24
2005-07-01,"CPIAUCSL",3.06716,2025-07-24,2025-07-24
2005-08-01,"CPIAUCSL",3.64693,2025-07-24,2025-07-24
2005-09-01,"CPIAUCSL",4.74183,2025-07-24,2025-07-24
2005-10-01,"CPIAUCSL",4.3501,2025-07-24,2025-07-24
2005-11-01,"CPIAUCSL",3.33855,2025-07-24,2025-07-24
2005-12-01,"CPIAUCSL",3.33855,2025-07-24,2025-07-24
2006-01-01,"CPIAUCSL",4.01879,2025-07-24,2025-07-24
2006-02-01,"CPIAUCSL",3.63825,2025-07-24,2025-07-24
2006-03-01,"CPIAUCSL",3.41792,2025-07-24,2025-07-24
2006-04-01,"CPIAUCSL",3.61384,2025-07-24,2025-07-24
2006-05-01,"CPIAUCSL",3.97727,2025-07-24,2025-07-24
2006-06-01,"CPIAUCSL",4.18172,2025-07-24,2025-07-24
2006-07-01,"CPIAUCSL",4.10467,2025-07-24,2025-07-24
2006-08-01,"CPIAUCSL",3.92657,2025-07-24,2025-07-24
2006-09-01,"CPIAUCSL",2.01207,2025-07-24,2025-07-24
2006-10-01,"CPIAUCSL",1.40633,2025-07-24,2025-07-24
2006-11-01,"CPIAUCSL",1.9687,2025-07-24,2025-07-24
2006-12-01,"CPIAUCSL",2.52398,2025-07-24,2025-07-24
2007-01-01,"CPIAUCSL",2.07577,2025-07-24,2025-07-24
2007-02-01,"CPIAUCSL",2.42026,2025-07-24,2025-07-24
2007-03-01,"CPIAUCSL",2.7982,2025-07-24,2025-07-24
2007-04-01,"CPIAUCSL",2.59292,2025-07-24,2025-07-24
2007-05-01,"CPIAUCSL",2.70989,2025-07-24,2025-07-24
2007-06-01,"CPIAUCSL",2.69277,2025-07-24,2025-07-24
2007-07-01,"CPIAUCSL",2.31789,2025-07-24,2025-07-24
2007-08-01,"CPIAUCSL",1.89745,2025-07-24,2025-07-24
2007-09-01,"CPIAUCSL",2.83383,2025-07-24,2025-07-24
2007-10-01,"CPIAUCSL",3.6107,2025-07-24,2025-07-24
2007-11-01,"CPIAUCSL",4.37327,2025-07-24,2025-07-24
2007-12-01,"CPIAUCSL",4.10881,2025-07-24,2025-07-24
2008-01-01,"CPIAUCSL",4.2947,2025-07-24,2025-07-24
2008-02-01,"CPIAUCSL",4.14296,2025-07-24,2025-07-24
2008-03-01,"CPIAUCSL",3.9749,2025-07-24,2025-07-24
2008-04-01,"CPIAUCSL",3.90376,2025-07-24,2025-07-24
2008-05-01,"CPIAUCSL",4.08841,2025-07-24,2025-07-24
2008-06-01,"CPIAUCSL",4.93597,2025-07-24,2025-07-24
2008-07-01,"CPIAUCSL",5.49751,2025-07-24,2025-07-24
2008-08-01,"CPIAUCSL",5.30802,2025-07-24,2025-07-24
2008-09-01,"CPIAUCSL",4.95332,2025-07-24,2025-07-24
2008-10-01,"CPIAUCSL",3.73106,2025-07-24,2025-07-24
2008-11-01,"CPIAUCSL",1.09992,2025-07-24,2025-07-24
2008-12-01,"CPIAUCSL",-0.02223,2025-07-24,2025-07-24
2009-01-01,"CPIAUCSL",-0.11359,2025-07-24,2025-07-24
2009-02-01,"CPIAUCSL",0.00846,2025-07-24,2025-07-24
2009-03-01,"CPIAUCSL",-0.44648,2025-07-24,2025-07-24
2009-04-01,"CPIAUCSL",-0.57632,2025-07-24,2025-07-24
2009-05-01,"CPIAUCSL",-1.01576,2025-07-24,2025-07-24
2009-06-01,"CPIAUCSL",-1.22917,2025-07-24,2025-07-24
2009-07-01,"CPIAUCSL",-1.95876,2025-07-24,2025-07-24
2009-08-01,"CPIAUCSL",-1.48384,2025-07-24,2025-07-24
2009-09-01,"CPIAUCSL",-1.37794,2025-07-24,2025-07-24
2009-10-01,"CPIAUCSL",-0.22397,2025-07-24,2025-07-24
2009-11-01,"CPIAUCSL",1.91459,2025-07-24,2025-07-24
2009-12-01,"CPIAUCSL",2.81412,2025-07-24,2025-07-24
2010-01-01,"CPIAUCSL",2.62111,2025-07-24,2025-07-24
2010-02-01,"CPIAUCSL",2.15134,2025-07-24,2025-07-24
2010-03-01,"CPIAUCSL",2.28617,2025-07-24,2025-07-24
2010-04-01,"CPIAUCSL",2.20677,2025-07-24,2025-07-24
2010-05-01,"CPIAUCSL",2.00355,2025-07-24,2025-07-24
2010-06-01,"CPIAUCSL",1.12156,2025-07-24,2025-07-24
2010-07-01,"CPIAUCSL",1.34078,2025-07-24,2025-07-24
2010-08-01,"CPIAUCSL",1.15018,2025-07-24,2025-07-24
2010-09-01,"CPIAUCSL",1.11831,2025-07-24,2025-07-24
2010-10-01,"CPIAUCSL",1.1667,2025-07-24,2025-07-24
2010-11-01,"CPIAUCSL",1.08454,2025-07-24,2025-07-24
2010-12-01,"CPIAUCSL",1.43779,2025-07-24,2025-07-24
2011-01-01,"CPIAUCSL",1.70078,2025-07-24,2025-07-24
2011-02-01,"CPIAUCSL",2.1249,2025-07-24,2025-07-24
2011-03-01,"CPIAUCSL",2.61924,2025-07-24,2025-07-24
2011-04-01,"CPIAUCSL",3.07723,2025-07-24,2025-07-24
2011-05-01,"CPIAUCSL",3.45897,2025-07-24,2025-07-24
2011-06-01,"CPIAUCSL",3.50232,2025-07-24,2025-07-24
2011-07-01,"CPIAUCSL",3.57988,2025-07-24,2025-07-24
2011-08-01,"CPIAUCSL",3.755,2025-07-24,2025-07-24
2011-09-01,"CPIAUCSL",3.81262,2025-07-24,2025-07-24
2011-10-01,"CPIAUCSL",3.52227,2025-07-24,2025-07-24
2011-11-01,"CPIAUCSL",3.45143,2025-07-24,2025-07-24
2011-12-01,"CPIAUCSL",3.06207,2025-07-24,2025-07-24
2012-01-01,"CPIAUCSL",3.00877,2025-07-24,2025-07-24
2012-02-01,"CPIAUCSL",2.89818,2025-07-24,2025-07-24
2012-03-01,"CPIAUCSL",2.58288,2025-07-24,2025-07-24
2012-04-01,"CPIAUCSL",2.27316,2025-07-24,2025-07-24
2012-05-01,"CPIAUCSL",1.73794,2025-07-24,2025-07-24
2012-06-01,"CPIAUCSL",1.65387,2025-07-24,2025-07-24
2012-07-01,"CPIAUCSL",1.41751,2025-07-24,2025-07-24
2012-08-01,"CPIAUCSL",1.68593,2025-07-24,2025-07-24
2012-09-01,"CPIAUCSL",1.94972,2025-07-24,2025-07-24
2012-10-01,"CPIAUCSL",2.15568,2025-07-24,2025-07-24
2012-11-01,"CPIAUCSL",1.79602,2025-07-24,2025-07-24
2012-12-01,"CPIAUCSL",1.7595,2025-07-24,2025-07-24
2013-01-01,"CPIAUCSL",1.68406,2025-07-24,2025-07-24
2013-02-01,"CPIAUCSL",2.01814,2025-07-24,2025-07-24
2013-03-01,"CPIAUCSL",1.51875,2025-07-24,2025-07-24
2013-04-01,"CPIAUCSL",1.13881,2025-07-24,2025-07-24
2013-05-01,"CPIAUCSL",1.39039,2025-07-24,2025-07-24
2013-06-01,"CPIAUCSL",1.71579,2025-07-24,2025-07-24
2013-07-01,"CPIAUCSL",1.88547,2025-07-24,2025-07-24
2013-08-01,"CPIAUCSL",1.53881,2025-07-24,2025-07-24
2013-09-01,"CPIAUCSL",1.09473,2025-07-24,2025-07-24
2013-10-01,"CPIAUCSL",0.8768,2025-07-24,2025-07-24
2013-11-01,"CPIAUCSL",1.23287,2025-07-24,2025-07-24
2013-12-01,"CPIAUCSL",1.51284,2025-07-24,2025-07-24
2014-01-01,"CPIAUCSL",1.55776,2025-07-24,2025-07-24
2014-02-01,"CPIAUCSL",1.12047,2025-07-24,2025-07-24
2014-03-01,"CPIAUCSL",1.61269,2025-07-24,2025-07-24
2014-04-01,"CPIAUCSL",2.01513,2025-07-24,2025-07-24
2014-05-01,"CPIAUCSL",2.16695,2025-07-24,2025-07-24
2014-06-01,"CPIAUCSL",2.05898,2025-07-24,2025-07-24
2014-07-01,"CPIAUCSL",1.97424,2025-07-24,2025-07-24
2014-08-01,"CPIAUCSL",1.7151,2025-07-24,2025-07-24
2014-09-01,"CPIAUCSL",1.68405,2025-07-24,2025-07-24
2014-10-01,"CPIAUCSL",1.60954,2025-07-24,2025-07-24
2014-11-01,"CPIAUCSL",1.23152,2025-07-24,2025-07-24
2014-12-01,"CPIAUCSL",0.65312,2025-07-24,2025-07-24
2015-01-01,"CPIAUCSL",-0.22993,2025-07-24,2025-07-24
2015-02-01,"CPIAUCSL",-0.08703,2025-07-24,2025-07-24
2015-03-01,"CPIAUCSL",-0.02203,2025-07-24,2025-07-24
2015-04-01,"CPIAUCSL",-0.10403,2025-07-24,2025-07-24
2015-05-01,"CPIAUCSL",0.03503,2025-07-24,2025-07-24
2015-06-01,"CPIAUCSL",0.17957,2025-07-24,2025-07-24
2015-07-01,"CPIAUCSL",0.22569,2025-07-24,2025-07-24
2015-08-01,"CPIAUCSL",0.2413,2025-07-24,2025-07-24
2015-09-01,"CPIAUCSL",0.00884,2025-07-24,2025-07-24
2015-10-01,"CPIAUCSL",0.12762,2025-07-24,2025-07-24
2015-11-01,"CPIAUCSL",0.43632,2025-07-24,2025-07-24
2015-12-01,"CPIAUCSL",0.63872,2025-07-24,2025-07-24
2016-01-01,"CPIAUCSL",1.2375,2025-07-24,2025-07-24
2016-02-01,"CPIAUCSL",0.84728,2025-07-24,2025-07-24
2016-03-01,"CPIAUCSL",0.89162,2025-07-24,2025-07-24
2016-04-01,"CPIAUCSL",1.17263,2025-07-24,2025-07-24
2016-05-01,"CPIAUCSL",1.07848,2025-07-24,2025-07-24
2016-06-01,"CPIAUCSL",1.07929,2025-07-24,2025-07-24
2016-07-01,"CPIAUCSL",0.86836,2025-07-24,2025-07-24
2016-08-01,"CPIAUCSL",1.05532,2025-07-24,2025-07-24
2016-09-01,"CPIAUCSL",1.54864,2025-07-24,2025-07-24
2016-10-01,"CPIAUCSL",1.68592,2025-07-24,2025-07-24
2016-11-01,"CPIAUCSL",1.68433,2025-07-24,2025-07-24
2016-12-01,"CPIAUCSL",2.0508,2025-07-24,2025-07-24
2017-01-01,"CPIAUCSL",2.51039,2025-07-24,2025-07-24
2017-02-01,"CPIAUCSL",2.81036,2025-07-24,2025-07-24
2017-03-01,"CPIAUCSL",2.4412,2025-07-24,2025-07-24
2017-04-01,"CPIAUCSL",2.17622,2025-07-24,2025-07-24
2017-05-01,"CPIAUCSL",1.85634,2025-07-24,2025-07-24
2017-06-01,"CPIAUCSL",1.64057,2025-07-24,2025-07-24
2017-07-01,"CPIAUCSL",1.72511,2025-07-24,2025-07-24
2017-08-01,"CPIAUCSL",1.92812,2025-07-24,2025-07-24
2017-09-01,"CPIAUCSL",2.18057,2025-07-24,2025-07-24
2017-10-01,"CPIAUCSL",2.02076,2025-07-24,2025-07-24
2017-11-01,"CPIAUCSL",2.17249,2025-07-24,2025-07-24
2017-12-01,"CPIAUCSL",2.12993,2025-07-24,2025-07-24
2018-01-01,"CPIAUCSL",2.15132,2025-07-24,2025-07-24
2018-02-01,"CPIAUCSL",2.26347,2025-07-24,2025-07-24
2018-03-01,"CPIAUCSL",2.33095,2025-07-24,2025-07-24
2018-04-01,"CPIAUCSL",2.471,2025-07-24,2025-07-24
2018-05-01,"CPIAUCSL",2.78192,2025-07-24,2025-07-24
2018-06-01,"CPIAUCSL",2.80755,2025-07-24,2025-07-24
2018-07-01,"CPIAUCSL",2.85412,2025-07-24,2025-07-24
2018-08-01,"CPIAUCSL",2.64292,2025-07-24,2025-07-24
2018-09-01,"CPIAUCSL",2.33206,2025-07-24,2025-07-24
2018-10-01,"CPIAUCSL",2.49203,2025-07-24,2025-07-24
2018-11-01,"CPIAUCSL",2.14733,2025-07-24,2025-07-24
2018-12-01,"CPIAUCSL",2.00238,2025-07-24,2025-07-24
2019-01-01,"CPIAUCSL",1.48759,2025-07-24,2025-07-24
2019-02-01,"CPIAUCSL",1.51886,2025-07-24,2025-07-24
2019-03-01,"CPIAUCSL",1.88319,2025-07-24,2025-07-24
2019-04-01,"CPIAUCSL",2.00058,2025-07-24,2025-07-24
2019-05-01,"CPIAUCSL",1.79591,2025-07-24,2025-07-24
2019-06-01,"CPIAUCSL",1.67119,2025-07-24,2025-07-24
2019-07-01,"CPIAUCSL",1.82633,2025-07-24,2025-07-24
2019-08-01,"CPIAUCSL",1.73764,2025-07-24,2025-07-24
2019-09-01,"CPIAUCSL",1.6845,2025-07-24,2025-07-24
2019-10-01,"CPIAUCSL",1.73397,2025-07-24,2025-07-24
2019-11-01,"CPIAUCSL",2.09229,2025-07-24,2025-07-24
2019-12-01,"CPIAUCSL",2.31953,2025-07-24,2025-07-24
2020-01-01,"CPIAUCSL",2.59977,2025-07-24,2025-07-24
2020-02-01,"CPIAUCSL",2.34132,2025-07-24,2025-07-24
2020-03-01,"CPIAUCSL",1.49404,2025-07-24,2025-07-24
2020-04-01,"CPIAUCSL",0.31305,2025-07-24,2025-07-24
2020-05-01,"CPIAUCSL",0.1982,2025-07-24,2025-07-24
2020-06-01,"CPIAUCSL",0.71666,2025-07-24,2025-07-24
2020-07-01,"CPIAUCSL",0.99686,2025-07-24,2025-07-24
2020-08-01,"CPIAUCSL",1.28107,2025-07-24,2025-07-24
2020-09-01,"CPIAUCSL",1.39102,2025-07-24,2025-07-24
2020-10-01,"CPIAUCSL",1.23039,2025-07-24,2025-07-24
2020-11-01,"CPIAUCSL",1.17575,2025-07-24,2025-07-24
2020-12-01,"CPIAUCSL",1.32042,2025-07-24,2025-07-24
2021-01-01,"CPIAUCSL",1.35532,2025-07-24,2025-07-24
2021-02-01,"CPIAUCSL",1.6675,2025-07-24,2025-07-24
2021-03-01,"CPIAUCSL",2.62365,2025-07-24,2025-07-24
2021-04-01,"CPIAUCSL",4.13737,2025-07-24,2025-07-24
2021-05-01,"CPIAUCSL",4.92647,2025-07-24,2025-07-24
2021-06-01,"CPIAUCSL",5.31742,2025-07-24,2025-07-24
2021-07-01,"CPIAUCSL",5.26917,2025-07-24,2025-07-24
2021-08-01,"CPIAUCSL",5.18132,2025-07-24,2025-07-24
2021-09-01,"CPIAUCSL",5.36352,2025-07-24,2025-07-24
2021-10-01,"CPIAUCSL",6.22659,2025-07-24,2025-07-24
2021-11-01,"CPIAUCSL",6.86556,2025-07-24,2025-07-24
2021-12-01,"CPIAUCSL",7.15946,2025-07-24,2025-07-24
2022-01-01,"CPIAUCSL",7.57808,2025-07-24,2025-07-24
2022-02-01,"CPIAUCSL",7.94922,2025-07-24,2025-07-24
2022-03-01,"CPIAUCSL",8.54078,2025-07-24,2025-07-24
2022-04-01,"CPIAUCSL",8.23516,2025-07-24,2025-07-24
2022-05-01,"CPIAUCSL",8.53005,2025-07-24,2025-07-24
2022-06-01,"CPIAUCSL",8.9993,2025-07-24,2025-07-24
2022-07-01,"CPIAUCSL",8.44778,2025-07-24,2025-07-24
2022-08-01,"CPIAUCSL",8.21626,2025-07-24,2025-07-24
2022-09-01,"CPIAUCSL",8.20575,2025-07-24,2025-07-24
2022-10-01,"CPIAUCSL",7.75726,2025-07-24,2025-07-24
2022-11-01,"CPIAUCSL",7.13138,2025-07-24,2025-07-24
2022-12-01,"CPIAUCSL",6.41083,2025-07-24,2025-07-24
2023-01-01,"CPIAUCSL",6.3403,2025-07-24,2025-07-24
2023-02-01,"CPIAUCSL",5.95765,2025-07-24,2025-07-24
2023-03-01,"CPIAUCSL",4.93135,2025-07-24,2025-07-24
2023-04-01,"CPIAUCSL",4.94695,2025-07-24,2025-07-24
2023-05-01,"CPIAUCSL",4.12531,2025-07-24,2025-07-24
2023-06-01,"CPIAUCSL",3.05925,2025-07-24,2025-07-24
2023-07-01,"CPIAUCSL",3.28033,2025-07-24,2025-07-24
2023-08-01,"CPIAUCSL",3.71864,2025-07-24,2025-07-24
2023-09-01,"CPIAUCSL",3.69508,2025-07-24,2025-07-24
2023-10-01,"CPIAUCSL",3.24654,2025-07-24,2025-07-24
2023-11-01,"CPIAUCSL",3.13986,2025-07-24,2025-07-24
2023-12-01,"CPIAUCSL",3.3222,2025-07-24,2025-07-24
2024-01-01,"CPIAUCSL",3.10794,2025-07-24,2025-07-24
2024-02-01,"CPIAUCSL",3.16642,2025-07-24,2025-07-24
2024-03-01,"CPIAUCSL",3.469,2025-07-24,2025-07-24
2024-04-01,"CPIAUCSL",3.35405,2025-07-24,2025-07-24
2024-05-01,"CPIAUCSL",3.23887,2025-07-24,2025-07-24
2024-06-01,"CPIAUCSL",2.97009,2025-07-24,2025-07-24
2024-07-01,"CPIAUCSL",2.93846,2025-07-24,2025-07-24
2024-08-01,"CPIAUCSL",2.61091,2025-07-24,2025-07-24
2024-09-01,"CPIAUCSL",2.43254,2025-07-24,2025-07-24
2024-10-01,"CPIAUCSL",2.5714,2025-07-24,2025-07-24
2024-11-01,"CPIAUCSL",2.71417,2025-07-24,2025-07-24
2024-12-01,"CPIAUCSL",2.87237,2025-07-24,2025-07-24
2025-01-01,"CPIAUCSL",2.99941,2025-07-24,2025-07-24
2025-02-01,"CPIAUCSL",2.81427,2025-07-24,2025-07-24
2025-03-01,"CPIAUCSL",2.40559,2025-07-24,2025-07-24
2025-04-01,"CPIAUCSL",2.33375,2025-07-24,2025-07-24
2025-05-01,"CPIAUCSL",2.37593,2025-07-24,2025-07-24
2025-06-01,"CPIAUCSL",2.67268,2025-07-24,2025-07-24
