"Date","GrossOutput","GrossOutput.P","GrossOutput.Q","IntInputs","IntInputs.P","IntInputs.Q","IntInputs.Energy","IntInputs.Energy.P","IntInputs.Energy.Q","IntInputs.Materials","IntInputs.Materials.P","IntInputs.Materials.Q","IntInputs.Services","IntInputs.Services.P","IntInputs.Services.Q","GrossValueAdded","OpEx.EmpComp","OpEx.EmpComp.WageSalary","OpEx.EmpComp.Supplements","OpEx.EmpComp.FTE","OpEx.EmpComp.CompPerFTE","OpEx.ProductionTax","OpEx.Subsidies","GrossOpSurplus","ConsFixedCap","ConsFixedCapNational","NetOpSurplus.Income","NetOpSurplus.StatDisc","NetOpSurplus.Transfers","NetOpSurplus.Proprietor","NetOpSurplus.RentalIncome","NetOpSurplus.GovtEnt","InterestExpense","NetOpSurplus.CorpProfit","OpEx","EBT","NetOpSurplus.Output","Margin.GrossMargin","Margin.EBITDAMargin","Margin.EBITMargin","Margin.EBTMargin"
1929,NA,NA,NA,NA,NA,NA,NA,NA,NA,NA,NA,NA,NA,NA,NA,104556,51407,50459,948,35286,1430,6824,46,46371,10409,5228,NA,735,511,14015,6065,NA,4038,10601,58185,NA,35962,NA,NA,NA,NA
1930,NA,NA,NA,NA,NA,NA,NA,NA,NA,NA,NA,NA,NA,NA,NA,92160,47166,46213,953,33196,1392,6971,73,38096,10217,5080,NA,-446,467,10872,5371,NA,4256,7361,54064,NA,27879,NA,NA,NA,NA
1931,NA,NA,NA,NA,NA,NA,NA,NA,NA,NA,NA,NA,NA,NA,NA,77391,40070,39156,914,30133,1299,6669,145,30797,9514,4752,NA,737,538,8315,4440,NA,4298,2955,46594,NA,21283,NA,NA,NA,NA
1932,NA,NA,NA,NA,NA,NA,NA,NA,NA,NA,NA,NA,NA,NA,NA,59522,31338,30513,825,26693,1143,6570,117,21731,8338,4240,NA,273,579,5012,3599,NA,4086,-156,37791,NA,13393,NA,NA,NA,NA
1933,NA,NA,NA,NA,NA,NA,NA,NA,NA,NA,NA,NA,NA,NA,NA,57154,29786,29026,760,27163,1069,6864,166,20670,8012,4008,NA,518,515,5268,2858,NA,3673,-173,36484,NA,12658,NA,NA,NA,NA
1934,NA,NA,NA,NA,NA,NA,NA,NA,NA,NA,NA,NA,NA,NA,NA,66800,34552,33733,819,30388,1110,7625,467,25090,8430,4104,NA,373,502,7007,2516,NA,3807,2457,41710,NA,16660,NA,NA,NA,NA
1935,NA,NA,NA,NA,NA,NA,NA,NA,NA,NA,NA,NA,NA,NA,NA,74241,37666,36721,945,31744,1157,7990,598,29183,8480,4184,NA,-231,506,10124,2564,NA,3880,3859,45058,NA,20703,NA,NA,NA,NA
1936,NA,NA,NA,NA,NA,NA,NA,NA,NA,NA,NA,NA,NA,NA,NA,84830,43288,41953,1335,34879,1203,8461,289,33370,8801,4248,NA,1182,533,10393,2684,NA,3651,6126,51460,NA,24569,NA,NA,NA,NA
1937,NA,NA,NA,NA,NA,NA,NA,NA,NA,NA,NA,NA,NA,NA,NA,93003,48309,46138,2171,36138,1277,8941,347,36100,9767,4744,NA,-45,524,12521,2966,NA,3589,6780,56903,NA,26333,NA,NA,NA,NA
1938,NA,NA,NA,NA,NA,NA,NA,NA,NA,NA,NA,NA,NA,NA,NA,87352,45411,43012,2399,34442,1249,8932,479,33488,10042,4820,NA,681,410,10598,3480,NA,3571,4707,53864,NA,23446,NA,NA,NA,NA
1939,NA,NA,NA,NA,NA,NA,NA,NA,NA,NA,NA,NA,NA,NA,NA,93437,48551,45983,2568,35857,1282,9146,796,36536,10103,4824,NA,1289,435,11120,3716,NA,3602,6268,56901,NA,26433,NA,NA,NA,NA
1940,NA,NA,NA,NA,NA,NA,NA,NA,NA,NA,NA,NA,NA,NA,NA,102899,52746,49857,2889,37865,1317,9795,748,41106,10577,5040,NA,1065,451,12234,3847,NA,3327,9606,61793,NA,30529,NA,NA,NA,NA
1941,NA,NA,NA,NA,NA,NA,NA,NA,NA,NA,NA,NA,NA,NA,NA,129309,66181,62079,4102,42516,1460,11054,456,52530,12062,5584,NA,318,527,16650,4415,NA,3256,15302,76779,NA,40468,NA,NA,NA,NA
1942,NA,NA,NA,NA,NA,NA,NA,NA,NA,NA,NA,NA,NA,NA,NA,165952,88026,82088,5938,47479,1729,11512,520,66934,14911,6388,NA,-907,545,23341,5454,NA,3181,20411,99018,NA,52023,NA,NA,NA,NA
1943,NA,NA,NA,NA,NA,NA,NA,NA,NA,NA,NA,NA,NA,NA,NA,203084,112714,105802,6912,53628,1972,12431,583,78522,18031,6552,NA,-1825,642,28225,6024,NA,2898,24528,124562,NA,60491,NA,NA,NA,NA
1944,NA,NA,NA,NA,NA,NA,NA,NA,NA,NA,NA,NA,NA,NA,NA,224447,124372,116800,7572,54924,2124,13711,1041,87405,21341,6748,NA,2533,812,29346,6337,NA,2486,24549,137042,NA,66064,NA,NA,NA,NA
1945,NA,NA,NA,NA,NA,NA,NA,NA,NA,NA,NA,NA,NA,NA,NA,228007,126368,117557,8811,53224,2206,15095,1144,87688,23107,6968,NA,3832,891,30824,6578,NA,2347,20110,140319,NA,64581,NA,NA,NA,NA
1946,NA,NA,NA,NA,NA,NA,NA,NA,NA,NA,NA,NA,NA,NA,NA,227535,122525,112045,10480,47007,2381,16832,1359,89537,25690,8000,NA,1231,692,35671,6899,NA,1800,17552,137998,NA,63847,NA,NA,NA,NA
1947,471889,11.1059393939394,12.3273894456751,222273,11.253908557877,13.2956019303202,NA,NA,NA,NA,NA,NA,NA,NA,NA,249616,132292,123028,9264,47056,2614,18106,398,99616,29121,9796,NA,2864,715,34579,6889,NA,2272,23178,150000,NA,70495,0.528971855669448,0.211100491852957,NA,NA
1948,502514,11.9097088744589,12.2420234075315,228046,12.2163569079905,12.5654232187696,NA,NA,NA,NA,NA,NA,NA,NA,NA,274468,144227,135464,8763,48029,2821,19726,540,111055,31326,11488,NA,-250,707,39279,7484,NA,2378,30132,163413,NA,79729,0.546189757897292,0.220998817943381,NA,NA
1949,510344,11.7972002164502,12.550586066238,237869,11.992106442414,13.351839296924,NA,NA,NA,NA,NA,NA,NA,NA,NA,272475,144276,134675,9601,46769,2879,20904,498,107793,32284,12412,NA,1743,688,34690,7798,NA,2657,27933,164682,NA,75509,0.53390458200743,0.211216356026523,NA,NA
1950,577814,12.0756114718615,13.8826519531039,277987,12.3664988506082,15.1314798336472,NA,NA,NA,NA,NA,NA,NA,NA,NA,299827,158191,147175,11016,48527,3033,22950,843,119529,33394,13288,NA,1262,824,37514,8779,NA,2968,34790,180298,NA,86135,0.518898815189663,0.206864146593887,NA,NA
1951,654590,13.1530248917749,14.4393096601653,307676,13.65425474306,15.1677620056497,NA,NA,NA,NA,NA,NA,NA,NA,NA,346914,185691,171593,14098,52537,3263,24745,1048,137526,37726,15136,NA,3447,1159,42594,9720,NA,3429,39454,209388,NA,99800,0.529971432499733,0.210094868543669,NA,NA
1952,685974,13.2922305194805,14.9728473985629,318633,13.6831281935634,15.6757124136849,NA,NA,NA,NA,NA,NA,NA,NA,NA,367341,201086,185634,15452,53673,3454,27121,774,139908,40606,16116,NA,2604,1199,43040,10816,NA,3868,37777,227433,NA,99302,0.535502803313245,0.203955251948325,NA,NA
1953,739244,13.3828095238095,16.026584431898,350026,13.7177763341675,17.1759802259887,NA,NA,NA,NA,NA,NA,NA,NA,NA,389218,215252,198996,16256,54612,3639,29101,514,145379,43488,17300,NA,3792,1153,42017,12028,NA,4403,38496,243839,NA,101891,0.526508162392931,0.196659019214224,NA,NA
1954,739892,13.5000854978355,15.9012030633746,349342,13.832307687831,17.0009187460766,NA,NA,NA,NA,NA,NA,NA,NA,NA,390549,214196,197320,16876,52782,3729,28889,327,147791,45981,18340,NA,2909,916,42255,13061,NA,5172,37498,242758,NA,101810,0.527845955896266,0.199746719791537,NA,NA
1955,802620,13.7327305194805,16.9567185558377,377143,14.0642577402083,18.0503805712492,NA,NA,NA,NA,NA,NA,NA,NA,NA,425478,230641,212221,18420,53988,3921,31467,201,163571,48893,19560,NA,2130,1298,44272,13423,NA,5745,47814,261907,NA,114678,0.530111385213426,0.203796317061623,NA,NA
1956,841770,14.2304383116883,17.1621305851207,392417,14.5348949834138,18.1737399560578,NA,NA,NA,NA,NA,NA,NA,NA,NA,449353,249357,229108,20249,55303,4132,34237,742,166501,54127,22088,NA,-2033,1651,45819,13668,NA,6445,46825,282852,NA,112374,0.533819214274683,0.197798686101904,NA,NA
1957,875488,14.6833333333333,17.2990719379761,401449,14.9458604289123,18.0803133631513,NA,NA,NA,NA,NA,NA,NA,NA,NA,474039,262654,240029,22625,55724,4297,36616,1132,175901,58919,24564,NA,-357,1823,47785,14054,NA,7630,46048,298138,NA,116982,0.541456878906393,0.200917659636683,NA,NA
1958,897466,14.9684188311688,17.3959979604517,416237,15.1662611010883,18.4739749293785,NA,NA,NA,NA,NA,NA,NA,NA,NA,481229,264742,241389,23353,53919,4466,37720,1368,180135,62454,26396,NA,645,1704,50158,14798,NA,9043,41334,301094,NA,117681,0.536208614031061,0.200715124584107,NA,NA
1959,978900,15.2029707792208,18.6809346804257,457246,15.3539385293604,20.0468070856874,NA,NA,NA,NA,NA,NA,NA,NA,NA,521654,285910,259923,25987,55574,4666,41052,1058,195750,65445,27620,130107,200,1656,50346,15559,545,9205,52796,325904,120902,130305,0.5328981509858,0.199969353355808,0.132911431198284,0.12350801920523
1960,1005957,15.378408008658,18.9788265843644,463576,15.511780058779,20.1166502667922,NA,NA,NA,NA,NA,NA,NA,NA,NA,542382,301438,273010,28428,56581,4813,44547,1146,197543,67901,28488,130950,-1309,1744,50587,16463,467,10146,51543,344839,120804,129642,0.539170163337002,0.196373204818894,0.130174550204432,0.120088632019062
1961,1029666,15.5033116883117,19.269604651791,467456,15.562789821335,20.2191474026993,NA,NA,NA,NA,NA,NA,NA,NA,NA,562209,310566,280663,29903,56479,4958,46968,2014,206689,70604,29524,136999,-915,1899,53199,17200,338,11734,52629,355520,125265,136085,0.546011036588564,0.200734024431223,0.133051882843563,0.121655954455134
1962,1105525,15.6596796536797,20.4825137770814,501604,15.7177440057033,21.4817669883867,NA,NA,NA,NA,NA,NA,NA,NA,NA,603922,332297,299453,32844,58034,5152,50382,2273,223516,74100,30836,149448,-29,2119,55234,18046,398,13380,60271,380406,136068,149416,0.546276203613668,0.202180864295244,0.135182831686303,0.123079984622691
1963,1163013,15.7760021645022,21.3886387027932,525563,15.7754909067101,22.425103460452,27249,8.44616019405817,45.4797224580027,339319,18.7205883680236,34.4038978562286,158994,14.9034429180106,12.0160473636619,637450,350471,314914,35557,58907,5339,53386,2234,235827,78018,32416,159276,-1467,2527,56398,18728,814,14382,66427,401623,144894,157809,0.548102213818762,0.202772453962251,0.136951177673852,0.124585021835525
1964,1242665,15.9800432900433,22.5615324977038,558205,15.9285201943782,23.5906682360326,28027,8.44030050195739,46.8107197780999,356221,18.8905764413336,35.7929039336539,173958,15.0911437104289,12.9832996788376,684460,376029,337842,38187,60208,5605,57269,2729,253891,82390,34412,171552,-50,3005,59132,18831,866,16480,73239,430569,155072,171501,0.550800094957209,0.204311701061831,0.138051687301083,0.124789866939199
1965,1355977,16.2622683982684,24.1923795180723,613687,16.190306145609,25.5145304064658,30266,8.55397852871244,49.880915880249,391330,19.1877948517222,38.7129735282412,192091,15.3709072724618,14.0760665866359,742289,405410,363752,41658,62633,5806,60709,3007,279177,88008,37140,190427,743,3485,63662,19336,788,18574,84583,463112,171853,191169,0.547420052110028,0.205886235533494,0.140435272869673,0.126737400413134
1966,1479160,16.7542554112554,25.6133683613377,665746,16.6753801140662,26.87511185656,32122,8.68992338545044,52.1043110772792,420110,19.7592884969608,40.3582400851915,213514,15.8678674657216,15.1556676280752,813414,449225,400297,48928,66071,6057,63211,3949,304927,95311,40860,204536,5081,3390,67933,19910,388,21320,91594,508487,183216,209616,0.549916168636253,0.206148760107088,0.138278482381892,0.12386489629249
1967,1554974,17.1232456709957,26.3460935220703,695016,16.9400534103474,27.6179893283114,34568,8.80242947378533,55.3579807088708,429177,19.9501340025787,40.8336218443103,231271,16.3174555542282,15.9649295469427,859959,481760,428979,52781,67992,6308,67937,3811,314073,103557,45096,207157,3358,3628,69475,20345,278,24340,89091,545886,182817,210516,0.553037542749911,0.201979582938364,0.133222163200156,0.117569168359085
1968,1689763,17.7401363636364,27.6354763898644,749112,17.4376392073561,28.9187051946014,36735,8.91376362370007,58.0970559442747,458175,20.4496695063548,42.5290263211677,254201,16.9681516346116,16.8742520501388,940651,530739,471960,58779,69859,6754,76407,4174,337679,113357,49992,221189,3133,4182,73832,20096,453,26515,96111,602972,194674,224322,0.556676291290554,0.199838083802285,0.130899421989948,0.115207872346595
1969,1824902,18.5515335497836,28.5398228564482,807286,18.1681375050922,29.91011554457,39103,9.16455844561328,60.148919675909,487863,21.2724952109044,43.5327131993073,280321,17.7636454691461,17.7739195846715,1017615,584436,518311,66125,71718,7225,83856,4534,353857,124896,55704,227377,1583,4799,77005,20348,163,33241,91821,663758,194136,228961,0.557627204090959,0.193904658989907,0.124596827665266,0.106381602957309
1970,1902979,19.3905811688312,28.4740198687125,829676,18.8938235610778,29.5599925847458,43231,9.51496803323966,64.0496320503863,485004,22.0171055442991,41.8140967224929,301441,18.6243876743785,18.2303362851174,1073303,623324,551537,71787,71225,7741,91413,4777,363343,136839,61804,221168,5338,4356,77803,20664,-1034,40236,79144,709960,180932,226504,0.564012004336359,0.190933793804346,0.116221986685087,0.0950782956616967
1971,2049301,20.2305822510823,29.3890370900643,884450,19.5704247512076,30.4216941698054,46306,10.0681229675529,64.8312944243423,513452,22.518726791306,43.2801666397754,324693,19.6236709406814,18.636722693399,1164850,664974,584528,80446,70846,8248,100493,4675,404058,148926,67620,245616,9517,4158,83904,21828,-1515,44449,92792,760792,201167,255132,0.568413327275983,0.197168693129999,0.119853550064144,0.0981637153351313
1972,2273725,21.0372121212121,31.3577913447512,994615,20.3490454664494,32.901580626177,51986,10.4220483704398,70.3116161795222,582994,23.4135106373181,47.2633458323921,359635,20.4200585885133,19.8374497053413,1279110,731334,638786,92548,72674,8787,107928,6636,446484,161011,73440,278308,7167,4779,95094,22719,-936,48975,107678,832626,229333,285473,0.562561435529802,0.196366754994557,0.122401785616115,0.100862241475992
1973,2556021,22.6142402597403,32.7930078610406,1130645,22.2595054414247,34.1914118408663,58162,11.6502398347624,70.3734977841271,675906,26.0269469055075,49.2948600686265,396576,21.6812291509046,20.6028254030121,1425376,812696,708775,103921,76034,9319,117220,5230,500690,178686,81980,315863,6144,5741,112521,23117,-1958,57951,118492,924686,257912,322004,0.557654260274074,0.195886497020173,0.123576058256172,0.100903709320072
1974,2877753,25.3649816017316,32.9175,1332511,25.9119969301053,34.6159132532957,88805,16.2067364123256,77.2412702530788,807848,31.0921743414994,49.3190005485818,435858,23.370536282669,21.0065786380219,1545243,887737,772304,115433,77142,10009,124902,3307,535911,206894,96040,321568,7450,6787,112213,23181,-2446,73598,108236,1009332,247970,329017,0.536961650287568,0.186225503022671,0.111742738171066,0.0861679233763287
1975,3055319,27.7677088744589,31.9242305770166,1370415,28.4307242623523,32.4471464218456,97690,18.7850009366669,73.3069029708339,796104,34.0278579388469,44.4091983176826,476621,25.4683160912675,21.0785520407845,1684904,947273,814881,132392,75376,10807,135292,4494,606833,238510,113516,354978,13343,9036,118238,22292,-4068,85253,124228,1078071,269725,368323,0.551465820753905,0.19861526734197,0.116183612905886,0.0882804708771817
1976,3434643,29.2970638528139,34.0130308228429,1561231,29.9302187918291,35.1129790097301,114674,20.4081356485818,79.2106251785733,921211,35.5504504973292,49.1862279088279,525346,26.9842234433693,21.9290670075769,1873412,1048384,899782,148602,77712,11575,146388,5125,683765,260226,125028,402881,20655,9136,130974,20308,-2385,87058,157790,1189647,315823,423539,0.545445916795428,0.199078914460688,0.117299236048696,0.0919522058042131
1977,3872733,31.1868279220779,36.0280250148576,1790907,31.820467351452,37.885844005022,136275,22.6652890458006,84.7560854649162,1062273,37.5517211272794,53.6949267804705,592359,28.736991319237,23.2175664619126,2081826,1165887,994220,171667,80417,12360,159664,7100,763375,289832,140456,454097,19448,8081,144492,15867,-2958,101945,186670,1318451,352152,473543,0.537559909242388,0.197115318820068,0.11725492049155,0.0909311331300144
1978,4366783,33.5151850649351,37.8029272245934,2015184,34.1803907059303,39.6872538449466,150560,24.4911691044023,86.6592162170617,1182763,40.3779032050101,55.6010962169372,681861,30.7722041970294,24.9580939945745,2351599,1316864,1120669,196195,84512,13256,170898,8936,872773,327196,159276,522253,23325,10375,165974,16545,-2377,116037,215700,1478826,406216,545577,0.538519775312856,0.199866354705512,0.119596737460964,0.0930240866102117
1979,4925491,36.7359837662338,38.9002365065644,2298158,37.926239684572,40.790231873823,196093,29.5152691116075,93.6529231795952,1333530,45.3440578375391,55.8239314165241,768534,32.7922222487689,26.3984397742509,2627333,1477302,1253385,223917,87301,14353,180101,8531,978461,373882,183352,559577,45003,12753,179438,16093,-2699,139387,214605,1648872,420190,604579,0.533415450358147,0.198652479519301,0.113608369196086,0.0853092615538228
1980,5461956,40.9102456709957,38.7357290372251,2604649,43.0955497730315,40.6841065207156,243275,38.6470132814564,88.7360497189752,1515356,51.8338479001658,55.4924640571386,846018,35.4772373936474,26.8601228212404,2857307,1622345,1373520,248826,87222,15743,200330,9800,1044432,428432,212088,571731,44270,13998,171569,18978,-4481,184013,187655,1812875,387718,616000,0.523128893751616,0.191219409310511,0.104675138357028,0.0709851928503269
1981,6033517,44.7460281385281,39.1207654384353,2826475,47.0387006634464,40.4482724026993,275392,45.0739235775872,86.1283371880833,1606925,56.0387062534537,54.4302829391074,944157,38.6261416397882,27.5324597299741,3207041,1792681,1511529,281152,87984,17167,235644,11473,1190189,487231,244880,665260,37700,16914,179680,23780,-4717,233387,216215,2016852,431873,702958,0.531537575845067,0.197262889952908,0.11026073184181,0.0715789812144393
1982,6175017,46.7826255411255,38.2955604030472,2831228,48.3014328987953,39.4568620527307,271599,46.1942967072556,82.881181409608,1533027,56.8062597623872,51.2260984650467,1026602,40.5085124437542,28.5453537151944,3343789,1893175,1587709,305465,85822,18486,240933,15017,1224698,536963,272520,679086,8648,19318,171191,23833,-3417,272993,195169,2119091,406093,687735,0.541502800721034,0.198331113906245,0.109973138535489,0.0657638675326724
1983,6630983,48.3215151515152,39.8134752687882,2996945,49.7210442152127,40.574352950408,270608,46.0290533900137,82.8746675564917,1555122,57.2046367194695,51.6021328643497,1171216,43.3553077954313,30.4280726045337,3634038,2012662,1677686,334976,86353,19412,263281,21304,1379399,562624,285876,759925,56850,21681,186250,24435,-1884,286596,242847,2254639,473329,816775,0.548039106720678,0.208023305141937,0.114602163811911,0.0713814226337181
1984,7313825,49.9261937229437,42.5025054703117,3276211,50.9404662748065,43.2927946876962,267164,46.3314135024137,81.2863730383007,1695895,58.2735801252533,55.2399174976067,1313152,44.9248439453669,32.9234431417792,4037613,2216083,1845126,370957,90628,20343,289773,21065,1552822,598394,303168,913003,41423,29159,228247,24652,-867,331112,300699,2484791,581891,954428,0.552052175161424,0.212313256059586,0.124832491890358,0.0795604215304577
1985,7775707,50.9883517316017,44.2453954157437,3436728,51.4438267619158,44.9699380885122,251649,45.8673258880323,77.3411493341953,1736904,57.5925849603979,57.2463627738875,1448176,46.7804003504161,34.8684804652178,4338979,2387539,1982765,404774,92978,21309,308133,21360,1664667,640137,326864,970456,54072,34060,241051,26204,1871,352289,314980,2674312,618167,1024530,0.558017296690835,0.214085613051006,0.124806143029824,0.079499780534426
1986,8031006,51.1580681818182,45.5463382678697,3451375,50.6536566664727,45.8652006826742,197859,39.6935542906549,70.2671048498942,1697000,55.6048716614478,57.9297240526208,1556516,48.0236946468628,36.5071919647033,4579631,2543845,2104117,439729,94654,22214,323373,24895,1737308,685295,349868,972164,79848,35961,256479,18268,2541,374824,284091,2842323,597340,1052013,0.570243752775182,0.216325078078637,0.12105133528726,0.0743792247197923
1987,8707498,52.6988647186147,47.9383657950186,3852283,52.2840441715649,49.5977291274325,231439,40.2783515623124,80.9997635011835,1910079,57.5977993184749,62.9472299633203,1710765,49.4850793878337,38.9393663434255,4855215,2723761,2257623,466139,97303,23186,347545,30282,1814191,730385,371292,1040201,43605,33292,286468,16594,2748,378296,322803,3041024,661905,1083806,0.557590136684499,0.208348138581255,0.119460377711255,0.0760155213357499
1988,9434248,54.7059047619048,50.034279877357,4197810,54.4928631350754,51.8553872802888,237658,39.784965487427,84.206750518775,2065474,60.4458817001289,64.8617557197715,1894678,51.5453190379485,41.4022610769854,5236438,2948854,2440649,508205,100135,24355,374464,29501,1942621,784496,399856,1155301,2823,32755,325524,22492,5557,409716,359258,3293817,745585,1158125,0.555045616778359,0.205911589349782,0.12245819698613,0.07902961635098
1989,10069827,56.8445227272727,51.3965795693987,4428247,56.5024552901123,52.7560922002511,252003,42.1569688498211,84.2664608390077,2147225,62.6922271596979,65.0121694794927,2029019,53.285573527655,42.8900039755542,5641580,3140886,2584336,556550,102754,25130,398867,27428,2129255,838258,427148,1223169,67828,38266,341130,21524,7258,463404,351587,3512325,759765,1290997,0.560245970462055,0.211449014963216,0.121468720366298,0.0754496576753503
1990,10624557,58.9125844155844,52.3231567750824,4661413,58.4312017837397,53.7012427809165,274503,45.608327497178,84.8440224819862,2203883,64.1553760361024,65.206221799133,2183027,55.3922914692258,44.3900350160581,5963144,3342680,2743506,599175,103894,26386,424990,26994,2222468,888532,454688,1238581,95355,39178,353154,28168,3728,471110,343243,3740676,767471,1333936,0.561260483613576,0.209182180489972,0.116577189994839,0.0722355765045074
1991,10807959,60.3313376623377,51.974578785996,4649829,59.1597751847756,52.9075702683616,265562,44.6473379926508,83.8463173130064,2156711,63.7058983698656,64.261029160885,2227557,57.4078404544791,43.7054099653893,6158129,3453267,2817229,636038,102401,27490,457091,27488,2275259,932393,479628,1250156,92712,38890,354162,38577,8218,438039,372271,3882870,812117,1342866,0.569777235461385,0.210516990303165,0.115669942863403,0.0751406440383425
1992,11381042,61.5717932900433,53.6285457750284,4860715,60.1414725018914,54.4051169177652,267149,44.7422650046833,84.1698386844493,2259835,63.8925723890219,67.1356032355567,2333731,59.2267505143418,44.3821354962427,6520327,3671211,2968506,702705,102512,28936,483375,30088,2395829,960247,494348,1320074,115510,39720,400155,60573,10444,400982,408200,4124498,919092,1435582,0.572911250129821,0.21051051388792,0.115988852338828,0.0807564017424767
1993,12024404,62.9266645021645,55.440795626452,5165845,61.2588750363732,56.7652722065286,283088,45.09501846915,88.4928658693,2392580,64.6559544114938,70.2404403498015,2490177,60.7819856515218,46.1454838639269,6858559,3820610,3082660,737949,104022,29531,503126,36681,2571504,1003498,517188,1412576,155430,39388,427984,90079,11431,389907,453787,4287055,1022669,1568006,0.570386607103354,0.213857085972827,0.117475760129151,0.085049454426182
1994,12826840,64.2329090909091,57.9368630125885,5539604,62.4272873334109,59.7322468220339,292281,44.9614174892523,91.6390569244726,2587942,65.8270992355867,74.6256513816731,2659381,62.1522014361752,48.1949703938137,7287236,4010207,3240604,769603,106785,30231,545248,32523,2764304,1055610,547584,1569450,139247,40714,456644,113667,12656,389644,556125,4522932,1179806,1708694,0.568124027429983,0.215509353823701,0.122356714514253,0.0919794742898485
1995,13653245,66.1102781385281,59.9189557107353,6013496,64.5985708112669,62.6629392655367,307054,45.7852901986214,94.5366359190398,2841104,68.4728645238534,78.7583158540127,2865337,64.0953515443529,50.3532947522684,7639749,4202178,3422112,780066,109754,31064,557903,34812,2914480,1122381,590428,1699943,92156,44967,481186,124882,16507,408671,623730,4725269,1291272,1792099,0.559555548882335,0.213464271680469,0.124508349480288,0.0945761978196392
1996,14463405,67.1438322510823,62.4977214463234,6390283,65.6688133765931,65.5038333333333,333209,48.8522530441674,96.1488145653239,2945428,68.6543241849328,81.435123689051,3111647,65.6908082799082,53.3533568332762,8073122,4421067,3620594,800473,111893,32249,580753,35234,3106536,1175306,626332,1874202,57027,52645,543784,142528,17754,415889,701602,4966586,1458313,1931230,0.558175754602737,0.214785937336333,0.129582349384533,0.100827778797593
1997,15393600,67.837,65.835,6816100,66.151,69.357,368000,48.796,104.112,3084600,67.941,86.318,3363500,67.339,56.299,8577552,4713220,3881246,831974,114726,33712,611614,33810,3286528,1239325,670056,2036948,10255,50061,583958,147059,18079,455479,782312,5291024,1581469,2047203,0.557215466167758,0.213499636212452,0.132324342583931,0.102735487475314
1998,16217000,67.789,69.405,7154200,65.121,73.949,344800,43.775,108.718,3118900,65.289,90.825,3690600,68.354,60.857,9062817,5075701,4186179,889522,117761,35427,639473,36368,3384011,1309737,714988,2130673,-56401,64078,640276,165206,16874,511833,732405,5678806,1618840,2074274,0.55884670407597,0.208670592588025,0.13138515138435,0.0998236418573102
1999,17273400,68.656,72.993,7642200,65.834,78.138,420800,45.816,126.8,3193600,65.133,93.221,4027800,69.618,65.212,9631172,5409932,4465176,944757,120323,36974,673585,45209,3592864,1398934,769632,2223244,-29316,67684,696352,178497,16829,518843,745039,6038308,1704401,2193930,0.557572452441326,0.207999814744057,0.128709113434529,0.0986720043535147
2000,18625700,70.863,76.257,8374700,68.743,82.005,550100,56.209,135.095,3391300,67.977,94.85,4433400,71.394,69.993,10250952,5854629,4832430,1022200,122988,39166,708556,45840,3733607,1511225,838608,2318144,-95765,85173,753559,183476,11454,603736,680747,6517345,1714408,2222382,0.550365999667127,0.200454586941699,0.124459429712709,0.0920452922574722
2001,18884500,71.946,76.152,8302600,69.18,80.785,598400,57.577,143.472,3188200,67.131,90.295,4516000,72.686,70.03,10581929,6046343,4961629,1084714,123184,40102,727690,58710,3866606,1599511,888584,2383827,-116730,99226,831057,202403,5658,627100,618384,6715323,1756727,2267095,0.560349969551749,0.204750244909847,0.12623193624401,0.0930248087055522
2002,19173800,72.528,76.698,8244700,69.078,80.339,454700,54.458,115.25,3176300,66.294,91.095,4613700,73.594,70.662,10929108,6143368,5004096,1139272,121925,40859,760030,41396,4067106,1657984,914587,2490794,-81670,80755,870133,208448,7573,550295,773589,6862002,1940499,2409122,0.570002190489105,0.212117890037447,0.129906121895503,0.101205759943256
2003,20140700,74.58,78.349,8684200,71.815,81.398,505900,64.493,108.277,3327900,68.888,91.847,4850500,75.529,72.385,11456450,6362296,5146959,1215337,121372,42201,805616,49057,4337595,1719098,932541,2642691,-24194,76048,897509,227098,5121,518771,918145,7118855,2123920,2618497,0.568820845352942,0.215364659619576,0.131211477257494,0.105454130194085
2004,21689100,77.473,81.222,9471900,75.725,84.197,582600,73.001,110.162,3676700,74.122,94.308,5212700,77.931,75.393,12217196,6729301,5430827,1298474,122473,44117,868098,46386,4666183,1821841,973014,2872444,-28099,81963,962895,242781,355,459037,1125412,7551013,2413407,2844342,0.563287365543061,0.215139540137673,0.132437215006616,0.111272805233965
2005,23517900,80.804,84.44,10478700,80.103,88.055,766600,90.124,117.429,4052000,79.441,96.976,5660000,80.132,79.614,13039197,7077721,5702993,1374728,124694,45493,942438,60911,5079949,1971053,1042069,3165894,-56997,90641,979140,221105,-3449,574129,1304329,7959248,2591765,3108896,0.554437130866276,0.216003512218353,0.134616356052199,0.110203929772641
2006,24925500,83.858,86.234,11109900,83.834,89.205,769200,98.013,108.332,4328000,84.172,97.76,6012800,82.706,81.945,13815583,7491255,6068318,1422938,126892,47565,997039,51467,5378756,2124170,1119303,3464382,-209792,79818,1050869,181120,-5905,702095,1456385,8436827,2762287,3254586,0.55427505967784,0.215793304046057,0.138989468616477,0.11082172875168
2007,26250300,86.58,87.963,11776100,87.11,90.997,846600,104.142,112.222,4590600,88.587,98.524,6338900,84.9,84.156,14474228,7889369,6407285,1482083,128197,49699,1036829,54584,5602614,2252751,1188944,3337568,12294,97247,995398,186259,-12871,813507,1258028,8871614,2524061,3349863,0.551392860272073,0.213430475080285,0.127143994544824,0.096153605863552
2008,27024900,90.187,86.937,12255100,93.16,88.549,1030500,125.013,113.789,4842100,98.372,93.585,6382500,86.808,82.872,14769862,8068679,6545949,1522730,127127,51050,1049740,52557,5704000,2358968,1256741,3153837,191195,112781,960304,290275,-16728,851777,955428,9065862,2302060,3345032,0.546527905746182,0.211064610784869,0.116701153380771,0.0851829238961106
2009,24959300,88.023,82.266,10481300,87.416,80.709,710900,94.165,104.212,3753500,88.958,80.223,6016900,86.134,78.737,14478067,7767191,6257281,1509910,120655,51519,1026817,58347,5742406,2371277,1263659,3179409,191720,125118,938126,347592,-14556,706240,1076888,8735661,2473169,3371129,0.580067029123413,0.230070795254675,0.127383740729908,0.0990880753867296
2010,26479500,90.435,84.949,11430500,91.633,83.968,843200,107.32,108.46,4322300,95.598,85.963,6265000,87.893,80.342,15048971,7932969,6380110,1552859,119697,52939,1063073,55808,6108737,2390391,1270714,3648901,69445,126327,1108503,433671,-18546,610260,1388685,8940234,3038641,3718346,0.568325346022395,0.230696840952435,0.137800978115146,0.114754470439397
2011,28050300,93.735,86.82,12450500,96.868,86.518,949500,122.421,107.068,4939500,105.165,89.3,6561500,89.33,82.792,15599732,8234013,6634020,1599993,121139,54393,1103723,60008,6322004,2474368,1324537,3871930,-24295,130122,1228337,506541,-17842,574894,1449878,9277728,3297036,3847636,0.556134230293437,0.225380976317544,0.138035243829834,0.117540133260607
2012,29232200,95.186,89.099,12978200,97.982,89.159,898900,119.302,104.013,5111000,106.067,91.615,6968300,91.014,86.297,16253970,8575371,6936133,1639238,123521,55712,1136114,58037,6600522,2575548,1392029,4178614,-153641,95532,1299922,534468,-13646,609967,1652370,9653448,3568647,4024974,0.556029652232812,0.225796279445269,0.142945587400196,0.122079316643975
2013,30388800,96.788,91.091,13508100,99.557,91.331,942000,121.32,107.188,5286800,106.808,94.11,7279200,93.077,88.15,16880683,8843638,7122593,1721044,125540,56258,1185823,59720,6910942,2681603,1447694,4259127,-29787,107299,1351739,578687,-13643,552747,1682298,9969741,3706380,4229339,0.555490279313431,0.22741740378034,0.140154497709683,0.121965329331859
2014,31795700,98.393,93.753,14187600,101.065,94.494,935000,122.918,105.008,5477100,107.62,96.761,7775500,95.016,92.238,17608138,9259655,7485778,1773876,128130,57883,1237712,58090,7168861,2819685,1524311,4490116,-140940,135474,1369965,598502,-8475,586693,1807956,10439277,3903423,4349176,0.553789914988505,0.225466368093799,0.141217711828958,0.122765751343735
2015,32233900,97.37,96.044,13938900,97.478,96.255,728600,97.664,102.983,5095400,99.1,97.756,8115000,96.44,94.844,18295019,9709535,7869599,1839937,131007,59500,1273454,57192,7369222,2922938,1587221,4539256,-92973,153909,1347722,601351,-2847,661192,1777928,10925797,3878064,4446284,0.56757075625351,0.228617139098899,0.140822426079376,0.120310108302129
2016,32898100,97.589,97.803,14093200,96.73,98.072,652400,89.466,100.668,4997100,95.812,99.159,8443700,97.883,97.232,18804913,9977096,8102227,1874870,133022,60273,1309126,61748,7580439,3008109,1629907,4519421,52909,162512,1349214,618723,-2154,666724,1724401,11224474,3852697,4572330,0.571610913700183,0.230421787276469,0.137376353041665,0.117110015472018
2017,34468100,100,100,14856000,100,100,724400,100,100,5259600,100,100,8872000,100,100,19612102,10434978,8485016,1949962,135101,62132,1363971,59875,7873028,3148953,1709313,4656172,67902,142925,1428634,642028,-4253,720494,1726343,11739074,3935678,4724075,0.568992836854947,0.228414911178742,0.135086413234266,0.114183201278864
2018,36504500,102.941,102.882,15848000,103.804,102.768,855600,111.904,105.547,5619800,104.911,101.847,9372600,102.482,103.084,20656516,10967687,8910107,2057580,137554,64106,1457094,63320,8295055,3312603,1793566,4919011,63440,155811,1495331,671488,-4592,756397,1844577,12361461,4162614,4982452,0.565862181374899,0.227233765700119,0.134750811543782,0.114030160665123
2019,37658000,104.276,104.775,16118000,104.657,103.667,806900,106.464,104.624,5475400,104.667,99.461,9835700,104.477,106.112,21539982,11458472,9337004,2121468,139763,66103,1533632,72956,8620834,3477516,1891831,5086280,57039,161396,1555775,688432,-12141,754522,1938296,12919148,4331758,5143318,0.571989537415689,0.228924371979393,0.135065059217165,0.115028891603378
2020,36710100,104.952,101.479,15356000,104.306,99.098,622800,94.62,90.864,5078700,103.052,93.7,9654500,105.694,102.958,21354105,11604034,9473266,2130768,132363,71046,1521265,698509,8927315,3623501,1967909,5196182,107632,146059,1594019,738112,-2359,754328,1966024,12426790,4441854,5303814,0.581695636895568,0.243184164575961,0.141546386416817,0.120998144924694
2021,41809300,111.911,108.388,18128200,114.216,106.838,913000,126.072,99.966,6258400,120.564,98.694,10956800,110.002,112.27,23681171,12568208,10326780,2241427,136161,75077,1700089,609867,10022741,3871365,2070306,6149784,1592,192416,1815266,772259,-11031,705457,2675417,13658430,5444327,6151376,0.566409172121992,0.239725156843095,0.14709129308551,0.130218085449888
2022,46633500,121.144,111.681,20626600,125.313,110.797,1169800,161.456,100.014,7260000,138.975,99.322,12196800,115.638,118.884,26006893,13454101,11140500,2313601,141471,77722,1850248,127998,10830542,4313370,2288732,6592757,-75585,245228,1873555,870266,-7867,739705,2871869,15176351,5853052,6517172,0.557686920346961,0.232248104903128,0.141373840693922,0.125511745847942
2023,48386800,122.837,114.283,20666100,123.602,112.546,949600,136.888,95.766,6918300,132.744,99.09,12798100,117.655,122.607,27720709,14209569,11744624,2464944,144117,80333,1893110,102808,11720838,4587749,2454634,6888471,244619,236197,1948994,989079,-32759,689987,3056973,15999871,6198484,7133089,0.572898166442087,0.242232137690444,0.142362607157324,0.128102788363769
2024,50579800,125.332,117.082,21394900,125.473,114.773,NA,NA,NA,NA,NA,NA,NA,NA,NA,29184890,15040606,12421771,2618835,NA,NA,1968179,94558,12270663,4816259,2595027,7262248,192156,290516,2005862,1056862,-40529,605383,3344154,16914227,6656865,7454404,0.577006828813084,0.242600069593,0.143580006247553,0.131611137252421
