"Date","GrossOutput","GrossOutput.P","GrossOutput.Q","IntInputs","IntInputs.P","IntInputs.Q","GrossValueAdded","OpEx.EmpComp","OpEx.EmpComp.WageSalary","OpEx.EmpComp.Supplements","OpEx.ProductionTax","OpEx.Subsidies","ConsFixedCap","ConsFixedCapNational","NetOpSurplus.Income","NetOpSurplus.StatDisc","NetOpSurplus.Transfers","NetOpSurplus.Proprietor","NetOpSurplus.RentalIncome","NetOpSurplus.GovtEnt","InterestExpense","NetOpSurplus.CorpProfit","OpEx","GrossOpSurplus","EBT","NetOpSurplus.Output","Margin.GrossMargin","Margin.EBITDAMargin","Margin.EBITMargin","Margin.EBTMargin"
"1947Q1",NA,NA,NA,NA,NA,NA,243164,128920,118795,10125,17679,511,28071,9036,NA,3072,524,36188,6657,NA,1992,20571,146088,97076,NA,69005,NA,NA,NA,NA
"1947Q2",NA,NA,NA,NA,NA,NA,245968,130718,121191,9526,17740,417,28706,9561,NA,2759,685,33262,6768,NA,2223,23523,148041,97927,NA,69221,NA,NA,NA,NA
"1947Q3",NA,NA,NA,NA,NA,NA,249585,132712,123919,8793,18031,364,29515,10059,NA,2006,797,33893,6973,NA,2404,23616,150379,99206,NA,69691,NA,NA,NA,NA
"1947Q4",NA,NA,NA,NA,NA,NA,259745,136808,128198,8610,18974,302,30191,10529,NA,3623,854,34972,7157,NA,2465,25003,155480,104265,NA,74074,NA,NA,NA,NA
"1948Q1",NA,NA,NA,NA,NA,NA,265742,140319,131579,8740,18963,384,30615,10972,NA,672,732,36384,7319,NA,2352,28771,158898,106844,NA,76229,NA,NA,NA,NA
"1948Q2",NA,NA,NA,NA,NA,NA,272567,141984,133292,8692,19665,292,31086,11356,NA,-1087,705,40231,7465,NA,2336,30473,161357,111210,NA,80124,NA,NA,NA,NA
"1948Q3",NA,NA,NA,NA,NA,NA,279196,146761,137971,8790,20006,615,31650,11680,NA,256,700,40604,7536,NA,2400,29898,166152,113044,NA,81394,NA,NA,NA,NA
"1948Q4",NA,NA,NA,NA,NA,NA,280366,147843,139015,8828,20270,869,31959,11944,NA,-857,692,39897,7617,NA,2429,31385,167244,113122,NA,81163,NA,NA,NA,NA
"1949Q1",NA,NA,NA,NA,NA,NA,275034,146209,136684,9525,20369,585,32249,12149,NA,854,650,35414,7543,NA,2552,29780,165993,109041,NA,76792,NA,NA,NA,NA
"1949Q2",NA,NA,NA,NA,NA,NA,271351,144622,134947,9675,20822,399,32256,12336,NA,690,657,34937,7654,NA,2616,27496,165045,106306,NA,74050,NA,NA,NA,NA
"1949Q3",NA,NA,NA,NA,NA,NA,272889,143550,133925,9625,21253,529,32255,12506,NA,2026,697,34238,7888,NA,2705,28807,164274,108615,NA,76360,NA,NA,NA,NA
"1949Q4",NA,NA,NA,NA,NA,NA,270627,142722,133144,9578,21172,481,32382,12657,NA,3395,749,34171,8108,NA,2760,25648,163413,107214,NA,74832,NA,NA,NA,NA
"1950Q1",NA,NA,NA,NA,NA,NA,280828,146926,136792,10133,21554,690,32405,12790,NA,3323,710,36246,8458,NA,2969,28928,167790,113038,NA,80633,NA,NA,NA,NA
"1950Q2",NA,NA,NA,NA,NA,NA,290383,153538,142964,10574,22462,809,32769,13043,NA,451,778,36813,8669,NA,2906,32805,175191,115192,NA,82423,NA,NA,NA,NA
"1950Q3",NA,NA,NA,NA,NA,NA,308153,162225,150947,11277,24380,772,33572,13414,NA,629,858,38456,8841,NA,2947,37017,185833,122320,NA,88748,NA,NA,NA,NA
"1950Q4",NA,NA,NA,NA,NA,NA,319945,170072,157996,12076,23404,1103,34823,13905,NA,648,949,38543,9148,NA,3054,40408,192373,127572,NA,92749,NA,NA,NA,NA
"1951Q1",NA,NA,NA,NA,NA,NA,336000,178552,165319,13233,25094,1156,36253,14515,NA,3465,1079,40901,9320,NA,3259,39232,202490,133510,NA,97257,NA,NA,NA,NA
"1951Q2",NA,NA,NA,NA,NA,NA,344090,184887,170979,13907,24069,1128,37336,15007,NA,3441,1151,42539,9576,NA,3343,38876,207828,136262,NA,98926,NA,NA,NA,NA
"1951Q3",NA,NA,NA,NA,NA,NA,351385,187840,173480,14360,24481,872,38267,15382,NA,4562,1187,43241,9858,NA,3507,39313,211449,139936,NA,101669,NA,NA,NA,NA
"1951Q4",NA,NA,NA,NA,NA,NA,356178,191481,176591,14889,25336,1037,39045,15640,NA,2306,1221,43698,10124,NA,3611,40394,215780,140398,NA,101353,NA,NA,NA,NA
"1952Q1",NA,NA,NA,NA,NA,NA,359820,196095,181004,15091,26087,813,39530,15780,NA,3767,1216,41693,10400,NA,3723,38122,221369,138451,NA,98921,NA,NA,NA,NA
"1952Q2",NA,NA,NA,NA,NA,NA,361030,197424,182118,15306,26918,791,40176,15970,NA,2426,1203,42956,10665,NA,3803,36249,223551,137479,NA,97303,NA,NA,NA,NA
"1952Q3",NA,NA,NA,NA,NA,NA,367701,201501,185950,15551,27334,798,41003,16211,NA,1702,1188,44745,10931,NA,3939,36156,228037,139664,NA,98661,NA,NA,NA,NA
"1952Q4",NA,NA,NA,NA,NA,NA,380812,209324,193464,15860,28145,695,41709,16503,NA,2541,1183,42762,11267,NA,3995,40580,236774,144038,NA,102329,NA,NA,NA,NA
"1953Q1",NA,NA,NA,NA,NA,NA,387980,213130,197076,16054,28746,727,42496,16845,NA,2907,1193,42948,11584,NA,4235,41468,241149,146831,NA,104335,NA,NA,NA,NA
"1953Q2",NA,NA,NA,NA,NA,NA,391749,216216,200034,16182,29178,451,43266,17164,NA,3234,1196,42347,11894,NA,4261,40609,244943,146806,NA,103540,NA,NA,NA,NA
"1953Q3",NA,NA,NA,NA,NA,NA,391171,216530,200153,16377,29319,676,43817,17459,NA,3572,1148,41218,12162,NA,4504,39578,245173,145998,NA,102181,NA,NA,NA,NA
"1953Q4",NA,NA,NA,NA,NA,NA,385970,215136,198722,16414,29161,202,44381,17732,NA,5446,1075,41557,12474,NA,4615,32329,244095,141875,NA,97494,NA,NA,NA,NA
"1954Q1",NA,NA,NA,NA,NA,NA,385345,213169,196458,16711,28681,130,44940,17982,NA,2787,956,42681,12797,NA,4797,34668,241720,143625,NA,98685,NA,NA,NA,NA
"1954Q2",NA,NA,NA,NA,NA,NA,386121,212741,196014,16727,28812,692,45691,18225,NA,2522,881,42099,13015,NA,5062,35991,240861,145260,NA,99569,NA,NA,NA,NA
"1954Q3",NA,NA,NA,NA,NA,NA,390996,213281,196391,16890,28744,328,46300,18462,NA,3445,883,42248,13144,NA,5308,37971,241697,149299,NA,102999,NA,NA,NA,NA
"1954Q4",NA,NA,NA,NA,NA,NA,399734,217593,200417,17176,29319,160,46991,18691,NA,2888,943,41992,13287,NA,5519,41361,246752,152982,NA,105991,NA,NA,NA,NA
"1955Q1",NA,NA,NA,NA,NA,NA,413073,221965,204126,17839,30248,264,47461,18913,NA,3430,1101,43667,13333,NA,5564,46568,251949,161124,NA,113663,NA,NA,NA,NA
"1955Q2",NA,NA,NA,NA,NA,NA,421532,228153,209921,18232,31228,327,48178,19260,NA,1795,1245,44270,13386,NA,5737,47867,259054,162478,NA,114300,NA,NA,NA,NA
"1955Q3",NA,NA,NA,NA,NA,NA,430221,233980,215316,18664,31941,31,49315,19734,NA,1993,1372,44635,13441,NA,5802,47773,265890,164331,NA,115016,NA,NA,NA,NA
"1955Q4",NA,NA,NA,NA,NA,NA,437092,238461,219521,18940,32451,181,50603,20333,NA,1324,1471,44518,13527,NA,5872,49046,270731,166361,NA,115758,NA,NA,NA,NA
"1956Q1",NA,NA,NA,NA,NA,NA,439746,242910,223364,19546,33031,300,52144,21058,NA,-787,1574,44863,13595,NA,6018,46700,275641,164105,NA,111961,NA,NA,NA,NA
"1956Q2",NA,NA,NA,NA,NA,NA,446010,247573,227583,19990,33596,556,53505,21760,NA,-1667,1623,45251,13604,NA,6199,46882,280613,165397,NA,111892,NA,NA,NA,NA
"1956Q3",NA,NA,NA,NA,NA,NA,451191,250502,230035,20467,34597,899,54819,22439,NA,-2582,1674,46408,13682,NA,6584,46405,284200,166991,NA,112172,NA,NA,NA,NA
"1956Q4",NA,NA,NA,NA,NA,NA,460463,256445,235449,20996,35724,1213,56032,23094,NA,-3091,1731,46753,13790,NA,6979,47314,290956,169507,NA,113475,NA,NA,NA,NA
"1957Q1",NA,NA,NA,NA,NA,NA,469779,260300,238344,21956,36144,1286,57313,23727,NA,-1298,1798,46927,13871,NA,7362,48647,295158,174621,NA,117308,NA,NA,NA,NA
"1957Q2",NA,NA,NA,NA,NA,NA,472025,262135,239695,22440,36561,1218,58420,24315,NA,-1939,1826,47713,13970,NA,7556,47001,297478,174547,NA,116127,NA,NA,NA,NA
"1957Q3",NA,NA,NA,NA,NA,NA,479490,264802,241907,22895,37012,1061,59488,24858,NA,655,1840,48805,14080,NA,7741,46128,300753,178737,NA,119249,NA,NA,NA,NA
"1957Q4",NA,NA,NA,NA,NA,NA,474864,263379,240170,23209,36746,962,60448,25357,NA,1164,1827,47700,14291,NA,7855,42415,299163,175701,NA,115253,NA,NA,NA,NA
"1958Q1",NA,NA,NA,NA,NA,NA,467540,259839,236796,23043,36823,1097,61092,25811,NA,-608,1794,50265,14572,NA,7974,36886,295565,171975,NA,110883,NA,NA,NA,NA
"1958Q2",NA,NA,NA,NA,NA,NA,471978,259498,236348,23150,37331,1291,62003,26227,NA,1070,1741,50325,14750,NA,8493,38060,295538,176440,NA,114437,NA,NA,NA,NA
"1958Q3",NA,NA,NA,NA,NA,NA,485841,267300,243909,23391,37795,1476,62943,26604,NA,1021,1673,50123,14889,NA,9318,42255,303619,182222,NA,119279,NA,NA,NA,NA
"1958Q4",NA,NA,NA,NA,NA,NA,499555,272335,248504,23831,38929,1612,63782,26942,NA,1110,1607,49916,14976,NA,10379,48133,309652,189903,NA,126121,NA,NA,NA,NA
"1959Q1",NA,NA,NA,NA,NA,NA,510330,279827,254092,25735,39770,1148,64464,27240,127232,185,1600,50080,14970,494,8322,51765,318449,191881,118910,127417,NA,NA,NA,NA
"1959Q2",NA,NA,NA,NA,NA,NA,522653,286539,260637,25902,40292,928,65122,27512,133856,-2229,1661,50340,15431,554,9343,56527,325903,196750,124513,131628,NA,NA,NA,NA
"1959Q3",NA,NA,NA,NA,NA,NA,525034,287007,260980,26027,41722,1088,65789,27756,129142,2461,1672,50356,15783,521,9412,51398,327641,197393,119730,131604,NA,NA,NA,NA
"1959Q4",NA,NA,NA,NA,NA,NA,528600,290268,263983,26285,42424,1068,66397,27972,130189,391,1695,50606,16043,610,9740,51495,331624,196976,120449,130579,NA,NA,NA,NA
"1960Q1",NA,NA,NA,NA,NA,NA,542648,298890,270904,27986,43696,1024,66985,28161,133578,524,1732,49748,16227,546,9777,55549,341562,201086,123801,134101,NA,NA,NA,NA
"1960Q2",NA,NA,NA,NA,NA,NA,541080,301871,273553,28318,44347,1280,67588,28367,130869,-2316,1729,50715,16379,547,9871,51628,344938,196142,120998,128554,NA,NA,NA,NA
"1960Q3",NA,NA,NA,NA,NA,NA,545604,302728,274119,28609,44861,1048,68204,28591,130545,313,1740,50871,16542,396,10265,50731,346541,199063,120280,130859,NA,NA,NA,NA
"1960Q4",NA,NA,NA,NA,NA,NA,540197,302259,273463,28796,45284,1232,68825,28833,128802,-3741,1771,51020,16703,378,10667,48262,346311,193886,118135,125061,NA,NA,NA,NA
"1961Q1",NA,NA,NA,NA,NA,NA,545018,303256,273933,29323,45776,1572,69496,29091,129265,-1204,1851,52327,16918,307,11008,46854,347460,197558,118257,128062,NA,NA,NA,NA
"1961Q2",NA,NA,NA,NA,NA,NA,555545,307457,277777,29680,46463,2008,70185,29368,134624,-1175,1870,52645,17084,236,11483,51305,351912,203633,123141,133448,NA,NA,NA,NA
"1961Q3",NA,NA,NA,NA,NA,NA,567664,312464,282396,30068,47256,2172,70961,29662,138639,516,1916,53325,17286,311,11903,53899,357548,210116,126736,139155,NA,NA,NA,NA
"1961Q4",NA,NA,NA,NA,NA,NA,580612,319083,288547,30536,48377,2304,71776,29974,145475,-1796,1969,54495,17512,499,12542,58460,365156,215456,132933,143680,NA,NA,NA,NA
"1962Q1",NA,NA,NA,NA,NA,NA,594013,325577,293371,32206,49396,2284,72702,30304,147114,1508,2034,55324,17739,427,12410,59179,372689,221324,134704,148622,NA,NA,NA,NA
"1962Q2",NA,NA,NA,NA,NA,NA,600366,331522,298842,32680,49906,2384,73529,30649,147499,293,2091,54966,17950,361,13234,58897,379044,221322,134265,147793,NA,NA,NA,NA
"1962Q3",NA,NA,NA,NA,NA,NA,609027,334336,301270,33066,50888,2216,74549,31008,149870,1600,2146,54888,18150,413,13745,60528,383008,226019,136125,151470,NA,NA,NA,NA
"1962Q4",NA,NA,NA,NA,NA,NA,612280,337753,304329,33424,51338,2208,75608,31382,153310,-3521,2197,55760,18343,391,14138,62481,386883,225397,139172,149789,NA,NA,NA,NA
"1963Q1",NA,NA,NA,NA,NA,NA,621672,342717,308025,34692,52005,2032,76518,31771,154642,-2178,2436,55974,18542,718,13920,63053,392690,228982,140722,152464,NA,NA,NA,NA
"1963Q2",NA,NA,NA,NA,NA,NA,629752,347623,312419,35204,52938,2176,77526,32185,158132,-4291,2518,55800,18687,756,14098,66273,398385,231367,144034,153841,NA,NA,NA,NA
"1963Q3",NA,NA,NA,NA,NA,NA,644444,352707,316908,35799,53919,2296,78503,32623,160617,994,2535,56229,18842,844,14521,67645,404330,240114,146096,161611,NA,NA,NA,NA
"1963Q4",NA,NA,NA,NA,NA,NA,653938,358837,322303,36534,54682,2432,79524,33085,163698,-371,2619,57589,18836,938,14977,68739,411087,242851,148721,163327,NA,NA,NA,NA
"1964Q1",NA,NA,NA,NA,NA,NA,669822,365229,328276,36953,55671,2728,80617,33572,168510,2524,2721,57913,18840,940,15604,72493,418172,251650,152906,171033,NA,NA,NA,NA
"1964Q2",NA,NA,NA,NA,NA,NA,678674,372676,334887,37789,56746,2880,81755,34103,170430,-53,2785,58821,18779,943,16191,72912,426542,252132,154239,170377,NA,NA,NA,NA
"1964Q3",NA,NA,NA,NA,NA,NA,692031,380065,341463,38602,57881,2648,82945,34677,172856,931,3207,59287,18863,704,16829,73967,435298,256733,156027,173788,NA,NA,NA,NA
"1964Q4",NA,NA,NA,NA,NA,NA,697319,386147,346741,39406,58778,2660,84239,35296,174403,-3589,3306,60503,18841,875,17295,73583,442265,255054,157108,170815,NA,NA,NA,NA
"1965Q1",NA,NA,NA,NA,NA,NA,717790,392925,352809,40116,60184,2924,85615,35958,184352,-2362,3502,61949,19083,848,17898,81071,450185,267605,166454,181990,NA,NA,NA,NA
"1965Q2",NA,NA,NA,NA,NA,NA,730191,399920,358872,41048,60340,2972,87146,36695,188247,-2491,3504,63177,19272,903,18289,83101,457288,272903,169958,185757,NA,NA,NA,NA
"1965Q3",NA,NA,NA,NA,NA,NA,749323,408335,366210,42125,60516,2988,88773,37509,191267,3420,3486,63967,19504,765,18901,84645,465863,283460,172366,194687,NA,NA,NA,NA
"1965Q4",NA,NA,NA,NA,NA,NA,771857,420458,377116,43342,61796,3144,90490,38398,197859,4396,3444,65560,19492,635,19215,89513,479110,292747,178644,202257,NA,NA,NA,NA
"1966Q1",NA,NA,NA,NA,NA,NA,795734,433085,385739,47346,61365,3564,92310,39363,206133,6405,3419,69225,19834,582,20045,93028,490886,304848,186088,212538,NA,NA,NA,NA
"1966Q2",NA,NA,NA,NA,NA,NA,804981,444388,395879,48509,62827,3928,94338,40347,203462,3895,3379,67204,19757,453,20786,91883,503287,301694,182676,207356,NA,NA,NA,NA
"1966Q3",NA,NA,NA,NA,NA,NA,819638,455645,406108,49537,63748,4064,96288,41352,202779,5242,3365,67161,20021,204,21746,90280,515329,304309,181033,208021,NA,NA,NA,NA
"1966Q4",NA,NA,NA,NA,NA,NA,833302,463780,413461,50319,64904,4240,98300,42378,205760,4798,3401,68143,20029,312,22690,91184,524444,308858,183070,210558,NA,NA,NA,NA
"1967Q1",NA,NA,NA,NA,NA,NA,844170,469977,418811,51166,65564,3992,100268,43423,204980,7373,3468,68901,20255,263,23454,88638,531549,312621,181526,212353,NA,NA,NA,NA
"1967Q2",NA,NA,NA,NA,NA,NA,848983,475619,423574,52045,66832,3872,102350,44510,204752,3302,3567,68497,20373,369,24245,87701,538579,310404,180507,208054,NA,NA,NA,NA
"1967Q3",NA,NA,NA,NA,NA,NA,865233,485242,431979,53263,68746,3684,104619,45640,207840,2470,3689,70525,20430,395,24605,88196,550304,314929,183235,210310,NA,NA,NA,NA
"1967Q4",NA,NA,NA,NA,NA,NA,881439,496206,441553,54653,70606,3696,106985,46811,211045,294,3790,69973,20327,84,25043,91828,563116,318323,186002,211338,NA,NA,NA,NA
"1968Q1",NA,NA,NA,NA,NA,NA,909387,510860,454198,56662,73367,4036,109496,48025,214443,5258,3912,71681,20076,459,25412,92903,580191,329196,189031,219700,NA,NA,NA,NA
"1968Q2",NA,NA,NA,NA,NA,NA,934344,523980,465911,58069,75424,4204,111946,49298,220317,6881,4127,73177,20072,488,25831,96622,595200,339144,194486,227198,NA,NA,NA,NA
"1968Q3",NA,NA,NA,NA,NA,NA,950825,537809,478318,59491,77693,4220,114534,50628,223461,1549,4271,74951,20212,497,26617,96915,611282,339543,196844,225009,NA,NA,NA,NA
"1968Q4",NA,NA,NA,NA,NA,NA,968030,550305,489411,60894,79144,4236,117450,52017,226522,-1155,4418,75507,20025,368,28198,98006,625213,342817,198324,225367,NA,NA,NA,NA
"1969Q1",NA,NA,NA,NA,NA,NA,993337,562744,499046,63698,80589,4340,120465,53464,229278,4601,4716,75630,20219,172,31326,97215,638993,354344,197952,233879,NA,NA,NA,NA
"1969Q2",NA,NA,NA,NA,NA,NA,1009020,576697,511360,65337,82901,4464,123506,54939,228758,1622,4827,77111,20286,158,32480,93896,655134,353886,196278,230380,NA,NA,NA,NA
"1969Q3",NA,NA,NA,NA,NA,NA,1029956,593413,526409,67004,85217,4668,126325,56441,228171,1497,4837,77967,20446,124,34127,90670,673962,355994,194044,229669,NA,NA,NA,NA
"1969Q4",NA,NA,NA,NA,NA,NA,1038147,604895,536429,68466,86717,4664,129289,57971,223302,-1392,4812,77312,20437,197,35040,85504,686948,351199,188262,221910,NA,NA,NA,NA
"1970Q1",NA,NA,NA,NA,NA,NA,1051200,614930,545075,69855,88466,4736,132239,59529,216165,4137,4617,77071,20428,-516,37103,77463,698660,352540,179062,220301,NA,NA,NA,NA
"1970Q2",NA,NA,NA,NA,NA,NA,1067375,620210,549043,71167,90535,4820,135272,61062,220660,5517,4463,76710,20214,-1128,39310,81090,705925,361450,181350,226178,NA,NA,NA,NA
"1970Q3",NA,NA,NA,NA,NA,NA,1086059,628171,555699,72472,92512,4740,138327,62571,225208,6580,4225,78483,20854,-1110,41660,81096,715943,370116,183548,231789,NA,NA,NA,NA
"1970Q4",NA,NA,NA,NA,NA,NA,1088608,629984,556331,73653,94139,4812,141511,64054,222639,5147,4123,78943,21160,-1382,42870,76926,719311,369297,179769,227786,NA,NA,NA,NA
"1971Q1",NA,NA,NA,NA,NA,NA,1135156,647880,570492,77388,97652,4764,144646,65513,236433,13309,4132,80316,21089,-1772,43522,89146,740768,394388,192911,249742,NA,NA,NA,NA
"1971Q2",NA,NA,NA,NA,NA,NA,1156271,659773,580428,79345,98947,4812,147597,66939,242489,12277,4105,82847,21674,-1246,44330,90779,753908,402363,198159,254766,NA,NA,NA,NA
"1971Q3",NA,NA,NA,NA,NA,NA,1177675,670088,588769,81319,101674,4512,150361,68333,247841,12224,4154,84595,22049,-1564,44923,93684,767250,410425,202918,260064,NA,NA,NA,NA
"1971Q4",NA,NA,NA,NA,NA,NA,1190297,682154,598421,83733,103699,4612,153099,69694,255695,262,4241,87859,22498,-1480,45019,97558,781241,409056,210676,255957,NA,NA,NA,NA
"1972Q1",NA,NA,NA,NA,NA,NA,1230609,708354,618472,89882,104560,6103,155942,71023,262879,4977,4540,87906,23101,-1388,46067,102653,806811,423798,216812,267856,NA,NA,NA,NA
"1972Q2",NA,NA,NA,NA,NA,NA,1266369,722473,630374,92099,106786,6203,158952,72521,267065,17296,4695,91326,20152,-1040,47610,104322,823056,443313,219455,284361,NA,NA,NA,NA
"1972Q3",NA,NA,NA,NA,NA,NA,1290566,735744,642326,93418,108862,7175,162705,74189,281543,8887,4873,95535,23875,-897,49914,108243,837431,453135,231629,290430,NA,NA,NA,NA
"1972Q4",NA,NA,NA,NA,NA,NA,1328904,758766,663971,94795,111504,7063,166434,76027,301785,-2522,5006,105614,23750,-420,52341,115493,863207,465697,249444,299263,NA,NA,NA,NA
"1973Q1",NA,NA,NA,NA,NA,NA,1377490,785423,683364,102059,114600,5944,170490,78035,306251,6670,5576,104144,23491,-1356,53384,121012,894079,483411,252867,312921,NA,NA,NA,NA
"1973Q2",NA,NA,NA,NA,NA,NA,1413887,803227,700201,103026,116185,5704,175393,80416,310409,14376,5889,109942,23343,-1757,55786,117205,913708,500179,254623,324786,NA,NA,NA,NA
"1973Q3",NA,NA,NA,NA,NA,NA,1433838,820420,716177,104243,118397,4717,181240,83171,316018,2480,5648,113788,22340,-2175,59792,116625,934100,499738,256226,318498,NA,NA,NA,NA
"1973Q4",NA,NA,NA,NA,NA,NA,1476289,841710,735356,106354,119698,4555,187608,86299,330772,1056,5849,122206,23291,-2544,62847,119124,956853,519436,267925,331828,NA,NA,NA,NA
"1974Q1",NA,NA,NA,NA,NA,NA,1491209,858356,748203,110153,120806,3556,194309,89800,321232,63,6297,115735,23517,-2460,67058,111085,975606,515603,254174,321294,NA,NA,NA,NA
"1974Q2",NA,NA,NA,NA,NA,NA,1530056,878511,765319,113192,124068,2892,202126,93696,318553,9691,6569,108637,22920,-1892,71558,110761,999687,530369,246995,328243,NA,NA,NA,NA
"1974Q3",NA,NA,NA,NA,NA,NA,1560026,900218,783153,117065,127054,3172,211181,97988,321175,3570,6971,111000,23273,-2461,75132,107260,1024100,535926,246043,324745,NA,NA,NA,NA
"1974Q4",NA,NA,NA,NA,NA,NA,1599679,913860,792541,121319,127680,3608,219957,102675,325265,16524,7311,113481,23011,-2971,80596,103837,1037932,561747,244669,341790,NA,NA,NA,NA
"1975Q1",NA,NA,NA,NA,NA,NA,1616116,918423,791963,126460,128821,4220,228744,107758,328955,15392,8356,112735,22662,-3694,85007,103890,1043024,573092,243948,344348,NA,NA,NA,NA
"1975Q2",NA,NA,NA,NA,NA,NA,1651853,931218,800410,130808,133011,4264,235778,112094,342228,13882,9097,114317,22405,-3884,84706,115588,1059965,591888,257522,356110,NA,NA,NA,NA
"1975Q3",NA,NA,NA,NA,NA,NA,1709820,956033,821336,134697,138199,4564,242132,115684,369015,9005,9276,120708,22247,-4272,85662,135395,1089668,620152,283353,378020,NA,NA,NA,NA
"1975Q4",NA,NA,NA,NA,NA,NA,1761831,983422,845815,137607,141137,4928,247391,118528,379684,15126,9415,125194,21856,-4423,85603,142038,1119631,642200,294081,394809,NA,NA,NA,NA
"1976Q1",NA,NA,NA,NA,NA,NA,1820487,1014752,871255,143497,141674,5136,251926,120626,398585,18685,9549,126395,21636,-2422,84328,159099,1151290,669197,314257,417271,NA,NA,NA,NA
"1976Q2",NA,NA,NA,NA,NA,NA,1852332,1035541,889419,146122,144856,4836,256699,123226,399141,20932,9394,128627,20455,-2420,86518,156567,1175561,676771,312623,420072,NA,NA,NA,NA
"1976Q3",NA,NA,NA,NA,NA,NA,1886558,1058412,908489,149923,147693,5068,262692,126328,405464,17364,9049,132685,20023,-2310,87666,158351,1201037,685521,317798,422829,NA,NA,NA,NA
"1976Q4",NA,NA,NA,NA,NA,NA,1934273,1084831,929965,154866,151329,5460,269589,129932,408351,25634,8550,136192,19122,-2389,89734,157143,1230700,703573,318617,433984,NA,NA,NA,NA
"1977Q1",NA,NA,NA,NA,NA,NA,1988648,1113341,950105,163236,154836,5820,277537,134037,421012,27742,8160,138592,16446,-2613,95454,164974,1262357,726291,325558,448754,NA,NA,NA,NA
"1977Q2",NA,NA,NA,NA,NA,NA,2055909,1150353,980970,169383,158028,5856,285660,138247,447023,20701,7823,140511,16315,-2722,99365,185731,1302525,753384,347658,467724,NA,NA,NA,NA
"1977Q3",NA,NA,NA,NA,NA,NA,2118473,1182171,1007568,174603,161532,6416,293756,142561,466826,20605,8029,142368,15605,-3216,104159,199882,1337287,781186,362667,487430,NA,NA,NA,NA
"1977Q4",NA,NA,NA,NA,NA,NA,2164270,1217684,1038237,179447,164260,10308,302364,146979,481534,8736,8312,156496,15097,-3280,108813,196095,1371636,792634,372721,490270,NA,NA,NA,NA
"1978Q1",NA,NA,NA,NA,NA,NA,2202760,1251010,1063944,187066,166912,8680,311598,151500,479130,2789,9353,158524,15891,-3203,111065,187502,1409242,793518,368065,481920,NA,NA,NA,NA
"1978Q2",NA,NA,NA,NA,NA,NA,2331633,1299226,1106141,193085,173059,8368,321999,156419,523671,22047,10035,166115,15625,-2718,114570,220044,1463917,867716,409101,545717,NA,NA,NA,NA
"1978Q3",NA,NA,NA,NA,NA,NA,2395053,1336958,1138095,198862,169711,8288,331980,161735,535497,29196,10732,168342,17124,-1381,116923,223757,1498381,896672,418574,564692,NA,NA,NA,NA
"1978Q4",NA,NA,NA,NA,NA,NA,2476949,1380257,1174495,205762,173910,10408,343202,167449,550723,39265,11380,170915,17545,-2208,121595,231497,1543759,933190,429128,589988,NA,NA,NA,NA
"1979Q1",NA,NA,NA,NA,NA,NA,2526610,1422587,1208636,213951,176441,8352,354779,173560,556377,24778,12283,180057,17267,-2290,126800,222260,1590676,935934,429577,581155,NA,NA,NA,NA
"1979Q2",NA,NA,NA,NA,NA,NA,2591247,1454820,1234452,220369,178493,8776,367225,179921,558465,41020,12699,179181,15625,-2439,133741,219658,1624537,966710,424724,599485,NA,NA,NA,NA
"1979Q3",NA,NA,NA,NA,NA,NA,2667565,1496791,1269457,227334,180902,8132,380308,186533,559265,58431,12958,180733,15366,-2597,141500,211304,1669561,998004,417765,617696,NA,NA,NA,NA
"1979Q4",NA,NA,NA,NA,NA,NA,2723883,1535010,1300996,234014,184568,8864,393209,193394,564200,55761,13069,177777,16112,-3469,155515,205197,1710714,1013169,408685,619960,NA,NA,NA,NA
"1980Q1",NA,NA,NA,NA,NA,NA,2789842,1573692,1333875,239817,189513,9200,406750,200505,561296,67792,13159,167566,15792,-3554,171180,197152,1754005,1035837,390116,629087,NA,NA,NA,NA
"1980Q2",NA,NA,NA,NA,NA,NA,2797352,1599268,1353977,245291,196896,9624,420968,207983,534178,55666,13392,160309,17096,-4186,177650,169917,1786540,1010812,356528,589844,NA,NA,NA,NA
"1980Q3",NA,NA,NA,NA,NA,NA,2856483,1628697,1377400,251298,204294,10072,435363,215827,565468,32733,13709,173401,19867,-4518,183828,179182,1822919,1033564,381640,598201,NA,NA,NA,NA
"1980Q4",NA,NA,NA,NA,NA,NA,2985557,1687725,1428827,258898,210617,10304,450637,224037,625988,20894,15728,185005,23160,-5668,203396,204367,1888038,1097519,422592,646882,NA,NA,NA,NA
"1981Q1",NA,NA,NA,NA,NA,NA,3124206,1739768,1467818,271949,230842,10556,465542,232614,639304,59306,16441,188213,23963,-6143,203837,212994,1960054,1164152,435467,698610,NA,NA,NA,NA
"1981Q2",NA,NA,NA,NA,NA,NA,3162532,1774906,1496839,278067,235496,10704,480431,240951,646987,35416,16560,176367,23335,-4136,223039,211822,1999698,1162834,423948,682403,NA,NA,NA,NA
"1981Q3",NA,NA,NA,NA,NA,NA,3260609,1815241,1530725,284517,237466,11120,494517,249049,695744,28761,17106,182286,23085,-4638,249296,228610,2041587,1219022,446448,724505,NA,NA,NA,NA
"1981Q4",NA,NA,NA,NA,NA,NA,3280818,1840808,1550733,290075,238772,13512,508426,256906,678989,27335,17548,171848,24740,-3952,257368,211436,2066068,1214750,421621,706324,NA,NA,NA,NA
"1982Q1",NA,NA,NA,NA,NA,NA,3274302,1864869,1567744,297125,237401,13996,521926,264523,661927,2174,18641,165195,23548,-3438,269758,188224,2088274,1186028,392169,664102,NA,NA,NA,NA
"1982Q2",NA,NA,NA,NA,NA,NA,3331972,1884558,1581934,302624,238262,13604,533877,270769,683634,5244,19152,169412,21080,-3349,276817,200522,2109216,1222756,406817,688879,NA,NA,NA,NA
"1982Q3",NA,NA,NA,NA,NA,NA,3366322,1904945,1596627,308319,241777,13040,542749,275643,684402,5489,19522,170698,24379,-3497,272905,200396,2133682,1232640,411497,689891,NA,NA,NA,NA
"1982Q4",NA,NA,NA,NA,NA,NA,3402561,1918325,1604532,313793,246292,19428,549301,279146,686381,21690,19954,179459,26324,-3385,272496,191532,2145189,1257372,413885,708071,NA,NA,NA,NA
"1983Q1",NA,NA,NA,NA,NA,NA,3473413,1947394,1622636,324758,250664,19900,552307,281277,712360,30587,20301,183262,25780,-2587,276121,209484,2178158,1295255,436239,742948,NA,NA,NA,NA
"1983Q2",NA,NA,NA,NA,NA,NA,3578848,1986471,1654848,331623,261239,21584,559081,283969,741431,52209,20905,182636,24745,-2075,276941,238280,2226126,1352722,464490,793641,NA,NA,NA,NA
"1983Q3",NA,NA,NA,NA,NA,NA,3689179,2029805,1691575,338230,267494,22196,566169,287222,772317,75591,21883,183805,23742,-1704,290148,254444,2275103,1414076,482169,847907,NA,NA,NA,NA
"1983Q4",NA,NA,NA,NA,NA,NA,3794706,2086974,1741685,345289,273727,21536,572932,291035,813594,69016,23636,195301,23478,-1170,303170,269179,2339165,1455541,510424,882609,NA,NA,NA,NA
"1984Q1",NA,NA,NA,NA,NA,NA,3908054,2144073,1784233,359840,281644,21224,582246,295409,879398,41918,26685,221918,23192,-1639,308124,301118,2404493,1503561,571274,921315,NA,NA,NA,NA
"1984Q2",NA,NA,NA,NA,NA,NA,4009601,2195373,1828356,367017,287748,20996,591493,300262,909229,46754,28648,231775,21715,-1110,326968,301232,2462125,1547476,582261,955983,NA,NA,NA,NA
"1984Q3",NA,NA,NA,NA,NA,NA,4084250,2241817,1867257,374560,292172,20880,603176,305595,924110,43855,30141,232366,24449,-772,342635,295290,2513109,1571141,581475,967965,NA,NA,NA,NA
"1984Q4",NA,NA,NA,NA,NA,NA,4148551,2283068,1900656,382411,297528,21160,616669,311406,939289,33158,31162,226936,29257,54,346724,305156,2559436,1589115,592565,972446,NA,NA,NA,NA
"1985Q1",NA,NA,NA,NA,NA,NA,4230168,2323735,1932369,391365,301047,21119,623649,317696,963708,39147,32203,240667,26878,778,351770,311413,2603663,1626505,611938,1002856,NA,NA,NA,NA
"1985Q2",NA,NA,NA,NA,NA,NA,4294887,2363862,1963845,400018,305701,20994,634561,323880,965217,46539,38146,238477,25327,2107,350811,310348,2648569,1646318,614406,1011757,NA,NA,NA,NA
"1985Q3",NA,NA,NA,NA,NA,NA,4386773,2406632,1997626,409005,311851,21333,645165,329956,983494,60964,32787,240737,27054,2409,348997,331510,2697150,1689623,634497,1044458,NA,NA,NA,NA
"1985Q4",NA,NA,NA,NA,NA,NA,4444094,2455929,2037220,418710,313933,21994,657178,335924,969400,69648,33104,244323,25553,2189,357580,306649,2747868,1696226,611820,1039048,NA,NA,NA,NA
"1986Q1",NA,NA,NA,NA,NA,NA,4507894,2493036,2065464,427572,317495,23105,668189,341785,983979,68300,42051,245628,22012,2460,375160,296668,2787426,1720468,608819,1052279,NA,NA,NA,NA
"1986Q2",NA,NA,NA,NA,NA,NA,4545340,2519014,2083631,435383,319475,24187,679916,347363,974559,76563,34517,251631,21078,2518,378440,286374,2814302,1731038,596119,1051122,NA,NA,NA,NA
"1986Q3",NA,NA,NA,NA,NA,NA,4607669,2556896,2113131,443764,326155,25451,690953,352657,966684,92432,33248,264416,16592,2534,374284,275610,2857600,1750069,592400,1059116,NA,NA,NA,NA
"1986Q4",NA,NA,NA,NA,NA,NA,4657627,2606435,2154242,452193,330367,26837,702121,357667,963444,82097,34027,264240,13391,2652,371423,277711,2909965,1747662,592021,1045541,NA,NA,NA,NA
"1987Q1",NA,NA,NA,NA,NA,NA,4722156,2649361,2194256,455105,336035,28281,712600,362393,982753,69687,34011,275438,14487,3067,367338,288413,2957115,1765041,615415,1052441,NA,NA,NA,NA
"1987Q2",NA,NA,NA,NA,NA,NA,4806160,2693567,2231434,462133,344369,30443,723770,367843,1028129,46767,34350,282308,14133,2845,374793,319699,3007493,1798667,653336,1074897,NA,NA,NA,NA
"1987Q3",NA,NA,NA,NA,NA,NA,4884555,2741443,2271965,469478,352378,31306,736076,374017,1066561,19404,32481,289495,17477,2571,380365,344171,3062515,1822040,686196,1085964,NA,NA,NA,NA
"1987Q4",NA,NA,NA,NA,NA,NA,5007994,2810672,2332835,477837,357398,31098,749086,380914,1083375,38562,32327,298630,20287,2511,390690,338928,3136972,1871022,692685,1121936,NA,NA,NA,NA
"1988Q1",NA,NA,NA,NA,NA,NA,5073372,2858473,2367096,491377,365220,30364,763802,388835,1111078,5163,31117,319160,21050,2215,393458,344078,3193329,1880043,717620,1116241,NA,NA,NA,NA
"1988Q2",NA,NA,NA,NA,NA,NA,5190036,2924054,2422462,501592,372500,29842,777680,396411,1132041,13603,31675,322499,20281,6155,399122,352308,3266712,1923324,732919,1145644,NA,NA,NA,NA
"1988Q3",NA,NA,NA,NA,NA,NA,5282835,2976558,2463571,512987,377526,29237,791371,403644,1169321,-2704,33166,333596,21203,6585,415484,359287,3324847,1957988,753837,1166617,NA,NA,NA,NA
"1988Q4",NA,NA,NA,NA,NA,NA,5399509,3036327,2509467,526860,382612,28565,805134,410534,1208765,-4765,35066,326841,27429,7273,430795,381361,3390374,2009135,777970,1204001,NA,NA,NA,NA
"1989Q1",NA,NA,NA,NA,NA,NA,5511253,3080126,2541872,538254,391008,27952,818428,417079,1232294,17349,37233,348099,23078,7115,453568,363200,3443182,2068071,778726,1249643,NA,NA,NA,NA
"1989Q2",NA,NA,NA,NA,NA,NA,5612463,3115774,2564689,551085,397485,27389,831683,423725,1224983,69927,37665,339519,21171,7048,463202,356379,3485870,2126593,761781,1294910,NA,NA,NA,NA
"1989Q3",NA,NA,NA,NA,NA,NA,5695365,3156319,2593525,562794,403939,27096,844888,430471,1228155,89160,39130,337157,20009,7259,469596,355004,3533162,2162203,758559,1317315,NA,NA,NA,NA
"1989Q4",NA,NA,NA,NA,NA,NA,5747237,3211327,2637258,574069,403033,27275,858033,437317,1207243,94876,39039,339742,21833,7614,467251,331765,3587085,2160152,739992,1302119,NA,NA,NA,NA
"1990Q1",NA,NA,NA,NA,NA,NA,5872701,3274921,2686591,588330,419548,27125,870021,444264,1230468,104868,39375,345605,23137,5179,472791,344381,3667344,2205357,757677,1335336,NA,NA,NA,NA
"1990Q2",NA,NA,NA,NA,NA,NA,5960028,3336913,2741034,595879,419450,26950,882230,451212,1253256,95129,38970,351118,26654,3515,471551,361449,3729413,2230615,781705,1348385,NA,NA,NA,NA
"1990Q3",NA,NA,NA,NA,NA,NA,6015116,3374835,2771624,603211,426751,26930,895014,458162,1241318,104127,38873,358938,31600,3377,470767,337763,3774656,2240460,770551,1345446,NA,NA,NA,NA
"1990Q4",NA,NA,NA,NA,NA,NA,6004733,3384050,2774773,609277,434210,26967,906865,465114,1229276,77299,39502,356952,31273,2842,469330,329377,3791293,2213440,759946,1306575,NA,NA,NA,NA
"1991Q1",NA,NA,NA,NA,NA,NA,6035178,3389868,2774065,615804,444009,27137,918971,472068,1247360,62107,39753,347459,32969,5871,454294,367014,3806740,2228438,793066,1309467,NA,NA,NA,NA
"1991Q2",NA,NA,NA,NA,NA,NA,6126862,3430273,2802805,627468,451552,27213,928946,477874,1250933,92371,38655,353015,35492,8088,442570,373113,3854612,2272250,808363,1343304,NA,NA,NA,NA
"1991Q3",NA,NA,NA,NA,NA,NA,6205937,3472728,2830887,641841,461270,27504,937781,482531,1253910,107752,38483,353620,39437,8663,437373,376335,3906494,2299443,816537,1361662,NA,NA,NA,NA
"1991Q4",NA,NA,NA,NA,NA,NA,6264540,3520192,2861159,659034,471532,28098,943873,486039,1248420,108621,38666,362555,46412,10249,417918,372620,3963626,2300914,830502,1357041,NA,NA,NA,NA
"1992Q1",NA,NA,NA,NA,NA,NA,6363102,3598666,2915852,682814,476405,28575,948169,488400,1290034,78403,38625,378711,50002,9779,412029,400887,4046496,2316606,878005,1368437,NA,NA,NA,NA
"1992Q2",NA,NA,NA,NA,NA,NA,6470763,3654900,2954982,699918,481220,29224,955181,491723,1313259,95427,38363,395206,57266,10454,404132,407837,4106896,2363867,909127,1408686,NA,NA,NA,NA
"1992Q3",NA,NA,NA,NA,NA,NA,6566641,3691394,2979434,711960,485976,30392,963352,496010,1316671,139640,38880,407857,64317,11383,394890,399344,4146978,2419663,921781,1456311,NA,NA,NA,NA
"1992Q4",NA,NA,NA,NA,NA,NA,6680803,3739889,3023755,716134,489897,32161,974276,501260,1360326,148575,43012,418846,70705,10159,392873,424730,4197625,2483178,967453,1508902,NA,NA,NA,NA
"1993Q1",NA,NA,NA,NA,NA,NA,6729459,3748676,3019044,729632,489749,35468,986166,507473,1356882,183454,40204,418929,80719,9608,400911,406511,4202957,2526502,955971,1540336,NA,NA,NA,NA
"1993Q2",NA,NA,NA,NA,NA,NA,6808939,3803527,3069757,733770,497551,37558,997536,513844,1403208,144675,39302,429555,86850,11745,391078,444677,4263520,2545419,1012130,1547883,NA,NA,NA,NA
"1993Q3",NA,NA,NA,NA,NA,NA,6882098,3837401,3096910,740491,504893,37688,1008696,520374,1403833,164964,38700,423448,92528,11867,384927,452362,4304606,2577492,1018906,1568796,NA,NA,NA,NA
"1993Q4",NA,NA,NA,NA,NA,NA,7013738,3892833,3144931,747902,520314,36010,1021600,527062,1486393,128608,39346,440004,100221,12501,382725,511597,4377137,2636601,1103668,1615001,NA,NA,NA,NA
"1994Q1",NA,NA,NA,NA,NA,NA,7115652,3917304,3156632,760672,531463,33567,1033285,533908,1507742,159425,40710,450230,108977,12832,377455,517538,4415200,2700452,1130287,1667167,NA,NA,NA,NA
"1994Q2",NA,NA,NA,NA,NA,NA,7246931,3995615,3227404,768211,544395,32376,1046970,542117,1543613,148713,39702,454123,113459,12748,384393,539188,4507634,2739297,1159220,1692327,NA,NA,NA,NA
"1994Q3",NA,NA,NA,NA,NA,NA,7331075,4035771,3262723,773047,550510,31945,1062270,551688,1589236,125232,41265,456768,116286,12739,390237,571942,4554336,2776739,1198999,1714469,NA,NA,NA,NA
"1994Q4",NA,NA,NA,NA,NA,NA,7455288,4092136,3315659,776477,554622,32204,1079907,562622,1637200,123628,41182,465457,115940,12304,406483,595833,4614554,2840734,1230717,1760827,NA,NA,NA,NA
"1995Q1",NA,NA,NA,NA,NA,NA,7522289,4138481,3362141,776339,555321,33964,1099150,574918,1642952,120348,43617,467357,118286,16423,408328,588940,4659838,2862451,1234624,1763301,NA,NA,NA,NA
"1995Q2",NA,NA,NA,NA,NA,NA,7580997,4176938,3399263,777675,553593,34614,1115753,586040,1669291,100037,44901,471970,121577,16159,408900,605784,4695917,2885080,1260391,1769327,NA,NA,NA,NA
"1995Q3",NA,NA,NA,NA,NA,NA,7683125,4223789,3442968,780821,558946,35147,1130762,595989,1732132,72644,45836,484461,125707,16592,409600,649936,4747588,2935537,1322532,1804775,NA,NA,NA,NA
"1995Q4",NA,NA,NA,NA,NA,NA,7772586,4269498,3484076,785422,563750,35523,1143859,604765,1755401,75600,45511,500954,133962,16853,407861,650261,4797725,2974861,1347540,1831002,NA,NA,NA,NA
"1996Q1",NA,NA,NA,NA,NA,NA,7868468,4318408,3528308,790100,570417,35502,1155575,612367,1811361,48209,46809,523312,139519,17206,400673,683842,4853323,3015145,1410688,1859570,NA,NA,NA,NA
"1996Q2",NA,NA,NA,NA,NA,NA,8032840,4391572,3594020,797552,577683,35434,1167560,620994,1865854,65605,48195,547499,141611,17385,410916,700249,4933821,3099019,1454938,1931459,NA,NA,NA,NA
"1996Q3",NA,NA,NA,NA,NA,NA,8131408,4455328,3651335,803993,581754,35193,1181881,630645,1882995,64643,48922,547476,143674,18150,418747,706026,5001889,3129519,1464248,1947638,NA,NA,NA,NA
"1996Q4",NA,NA,NA,NA,NA,NA,8259771,4518961,3708714,810247,593156,34807,1196210,641321,1936593,49658,66653,556847,145315,18273,433215,716290,5077310,3182461,1503378,1986251,NA,NA,NA,NA
"1997Q1",NA,NA,NA,NA,NA,NA,8362655,4596567,3780520,816047,595715,34375,1213302,653021,1978742,12705,46902,575562,144151,17897,440916,753313,5157907,3204748,1537826,1991446,NA,NA,NA,NA
"1997Q2",NA,NA,NA,NA,NA,NA,8518825,4664319,3839988,824331,610396,33647,1231224,664515,2002534,43998,47357,575138,144566,18582,448991,767900,5241068,3277757,1553543,2046533,NA,NA,NA,NA
"1997Q3",NA,NA,NA,NA,NA,NA,8662823,4743318,3907420,835898,616580,33432,1247806,675803,2074663,13888,53500,588538,147383,18013,459137,808092,5326466,3336357,1615526,2088551,NA,NA,NA,NA
"1997Q4",NA,NA,NA,NA,NA,NA,8765907,4848680,3997056,851624,623765,33786,1264973,686885,2091862,-29587,52492,596593,152142,17822,472872,799941,5438659,3327248,1618990,2062275,NA,NA,NA,NA
"1998Q1",NA,NA,NA,NA,NA,NA,8866480,4946382,4079287,867095,629053,33810,1281346,697762,2071403,-27895,58938,617383,156820,16851,492793,728619,5541625,3324855,1578610,2043509,NA,NA,NA,NA
"1998Q2",NA,NA,NA,NA,NA,NA,8969699,5032752,4149930,882822,635519,35006,1300034,709003,2113195,-76795,60412,630197,162590,17225,513183,729588,5633265,3336434,1600012,2036400,NA,NA,NA,NA
"1998Q3",NA,NA,NA,NA,NA,NA,9121097,5119465,4222021,897444,643027,36784,1318769,720609,2166339,-89718,62611,645417,168033,17248,523969,749061,5725708,3395389,1642370,2076620,NA,NA,NA,NA
"1998Q4",NA,NA,NA,NA,NA,NA,9293991,5204208,4293478,910730,650290,39872,1338797,732579,2171736,-31168,74344,668108,173381,16172,517377,722354,5814626,3479365,1654359,2140568,NA,NA,NA,NA
"1999Q1",NA,NA,NA,NA,NA,NA,9411682,5294986,4372655,922331,657528,42447,1358687,744914,2217287,-74360,65421,682440,176116,17811,513634,761866,5910067,3501615,1703653,2142928,NA,NA,NA,NA
"1999Q2",NA,NA,NA,NA,NA,NA,9526210,5351497,4416915,934582,667068,45027,1383208,759736,2211112,-41648,67085,690222,179581,17309,502837,754078,5973538,3552672,1708275,2169464,NA,NA,NA,NA
"1999Q3",NA,NA,NA,NA,NA,NA,9686626,5430455,4480152,950302,679003,46449,1410656,777043,2222207,-9245,67883,699488,179410,16829,520876,737722,6063009,3623617,1701331,2212961,NA,NA,NA,NA
"1999Q4",NA,NA,NA,NA,NA,NA,9900169,5562791,4590980,971811,690739,46913,1443195,796835,2242366,7991,70345,713256,178883,15367,538024,726490,6206617,3693552,1704342,2250357,NA,NA,NA,NA
"2000Q1",NA,NA,NA,NA,NA,NA,10002179,5756349,4758656,997693,698550,45067,1478970,819114,2267262,-153884,81004,720561,179830,14849,556201,714817,6409832,3592347,1711061,2113377,NA,NA,NA,NA
"2000Q2",NA,NA,NA,NA,NA,NA,10247720,5799292,4786604,1012688,707315,45472,1506133,835823,2320088,-39636,84301,750678,180202,13619,592167,699121,6461135,3786585,1727921,2280452,NA,NA,NA,NA
"2000Q3",NA,NA,NA,NA,NA,NA,10318165,5911457,4878790,1032667,711260,45819,1524963,846963,2340491,-124186,86337,760290,182853,10093,623329,677589,6576898,3741267,1717162,2216304,NA,NA,NA,NA
"2000Q4",NA,NA,NA,NA,NA,NA,10435744,5951419,4905668,1045751,717097,47002,1534844,852532,2344723,-65337,89039,782708,191016,7253,643246,631460,6621514,3814230,1701477,2279386,NA,NA,NA,NA
"2001Q1",NA,NA,NA,NA,NA,NA,10470231,6057905,4987238,1070666,724180,55232,1566444,871257,2386125,-209190,98571,809975,197126,6247,651572,622634,6726853,3743378,1734553,2176934,NA,NA,NA,NA
"2001Q2",NA,NA,NA,NA,NA,NA,10599000,6048790,4969261,1079529,724146,62013,1594020,886819,2427164,-133106,100197,827759,202604,4542,654057,638004,6710923,3888077,1773107,2294057,NA,NA,NA,NA
"2001Q3",NA,NA,NA,NA,NA,NA,10598020,6032702,4944066,1088636,725338,71162,1611579,894208,2420215,-120653,100466,845551,204794,9156,632554,627694,6686878,3911142,1787661,2299563,NA,NA,NA,NA
"2001Q4",NA,NA,NA,NA,NA,NA,10660465,6045976,4945952,1100024,737095,46433,1625991,902053,2301785,-3950,97665,840938,205078,2686,570216,585201,6736638,3923827,1731569,2297836,NA,NA,NA,NA
"2002Q1",NA,NA,NA,NA,NA,NA,10783500,6068740,4953879,1114861,744026,42574,1637530,907908,2419050,-43273,87839,859745,207315,4575,547920,711657,6770192,4013308,1871130,2375778,NA,NA,NA,NA
"2002Q2",NA,NA,NA,NA,NA,NA,10887460,6137268,5006446,1130822,751293,39822,1649251,911059,2469347,-79877,81552,864434,208855,5513,553025,755968,6848739,4038721,1916322,2389470,NA,NA,NA,NA
"2002Q3",NA,NA,NA,NA,NA,NA,10984040,6165291,5020511,1144780,768491,41333,1664403,917217,2494890,-67702,77463,873009,207677,10424,547821,778494,6892449,4091591,1947069,2427188,NA,NA,NA,NA
"2002Q4",NA,NA,NA,NA,NA,NA,11061433,6202172,5035549,1166623,776312,41856,1680740,922162,2579903,-135840,76168,883355,209946,9780,552417,848237,6936628,4124805,2027486,2444065,NA,NA,NA,NA
"2003Q1",NA,NA,NA,NA,NA,NA,11174129,6221885,5035694,1186191,788612,47120,1695027,923940,2587390,-71666,77822,876295,218701,7080,544685,862807,6963377,4210752,2042705,2515725,NA,NA,NA,NA
"2003Q2",NA,NA,NA,NA,NA,NA,11312766,6315763,5109829,1205935,799992,57140,1708794,929045,2609614,-64257,75585,892397,223194,5672,521359,891407,7058615,4254151,2088255,2545357,NA,NA,NA,NA
"2003Q3",NA,NA,NA,NA,NA,NA,11566669,6402369,5177406,1224963,812991,45922,1725713,934930,2670249,1270,75740,905261,227513,4214,515709,941813,7169438,4397231,2154540,2671518,NA,NA,NA,NA
"2003Q4",NA,NA,NA,NA,NA,NA,11772234,6509165,5264906,1244258,820869,46047,1746857,942249,2703513,37878,75042,916086,238980,3517,493336,976552,7283987,4488247,2210177,2741390,NA,NA,NA,NA
"2004Q1",NA,NA,NA,NA,NA,NA,11923447,6550843,5283996,1266847,847322,44242,1773987,953516,2788094,7444,80273,946564,243000,2001,451682,1064574,7353923,4569524,2336412,2795537,NA,NA,NA,NA
"2004Q2",NA,NA,NA,NA,NA,NA,12112815,6678479,5390750,1287728,859898,43662,1803609,965405,2850168,-35677,79672,963037,243418,1145,449415,1113482,7494715,4618100,2400753,2814491,NA,NA,NA,NA
"2004Q3",NA,NA,NA,NA,NA,NA,12305307,6813400,5502469,1310931,871333,45378,1835146,977132,2901575,-70769,78496,964199,241800,-511,458651,1158940,7639355,4665952,2442924,2830806,NA,NA,NA,NA
"2004Q4",NA,NA,NA,NA,NA,NA,12527214,6874482,5546092,1328391,893838,52263,1874613,996000,2949941,-13397,89409,977780,242912,-1215,476402,1164652,7716057,4811157,2473539,2936544,NA,NA,NA,NA
"2005Q1",22836800,79.444,83.41,10069500,78.242,86.649,12767286,6937715,5586072,1351642,915059,56729,1911601,1014800,3042411,17229,84154,957110,233687,-2086,511613,1257935,7796045,4971241,2530798,3059640,0.559066331535066,0.217685533875149,0.133224050655083,0.110821043228473
"2005Q2",23238000,80.112,84.167,10315400,79.051,87.858,12922656,7017127,5649387,1367740,937317,60694,1948969,1032806,3122044,-42107,96497,963936,231156,-2943,556532,1276867,7893750,5028906,2565512,3079937,0.556100180738446,0.216408727084947,0.134350804716413,0.110401583613048
"2005Q3",23742300,81.254,84.784,10599600,80.693,88.439,13142642,7134214,5749835,1384379,952103,61986,1989675,1048999,3166569,-37934,92038,988041,213554,-4442,590198,1287181,8024331,5118311,2576371,3128636,0.553553867990885,0.215577724146355,0.133372461808671,0.108513960315555
"2005Q4",24254400,82.405,85.4,10930200,82.424,89.276,13324204,7221831,5826679,1395152,965272,64234,2033960,1071669,3332563,-165188,89876,1007478,206026,-4326,638176,1395332,8122869,5201335,2694387,3167375,0.549352035094663,0.214449130879346,0.137400347978099,0.111088585988522
"2006Q1",24598500,82.837,86.155,10999300,82.677,89.556,13599160,7391390,5983062,1408329,981844,55729,2070428,1090323,3407960,-196733,76709,1049502,194509,-2322,644154,1445408,8317505,5281655,2763806,3211227,0.552845092180418,0.21471451511271,0.13854340711832,0.11235668841596
"2006Q2",24833700,83.665,86.116,11080300,83.636,89.175,13753424,7439589,6024190,1415399,991688,51546,2107094,1109302,3486258,-219660,76301,1052043,183436,-4767,726186,1453058,8379731,5373693,2760072,3266599,0.553820977139935,0.216387127169934,0.140384155401732,0.111142197900434
"2006Q3",25047700,84.424,86.076,11177500,84.609,88.92,13870188,7498469,6073028,1425441,1004102,49886,2141108,1128407,3531244,-254849,82700,1048750,177791,-7175,723389,1505789,8452685,5417503,2807855,3276395,0.553750963162286,0.216287443557692,0.140980768693333,0.112100312603552
"2006Q4",25222300,84.508,86.591,11182700,84.413,89.169,14039560,7635573,6192991,1442582,1010524,48708,2178031,1149181,3432068,-167927,83562,1053184,168742,-9356,714650,1421286,8597389,5442171,2717418,3264140,0.556632820956059,0.215768228908545,0.136072761009107,0.107738707413678
"2007Q1",25632100,85.341,87.142,11416500,85.271,90.121,14215651,7816971,6354735,1462236,1025852,49499,2214675,1168118,3333983,-126331,97820,1017222,162476,-11876,752060,1316281,8793324,5422327,2581923,3207652,0.554603446459713,0.211544391602717,0.130070614580936,0.100730061134281
"2007Q2",26127600,86.241,87.901,11725500,86.56,91.187,14402082,7856222,6381396,1474826,1033080,58181,2240928,1182837,3439323,-109289,95081,998504,180253,-12263,830011,1347737,8831121,5570961,2609312,3330033,0.55122100767005,0.213221306204933,0.131635626693611,0.0998680322723863
"2007Q3",26386800,86.861,88.141,11822600,87.375,91.09,14564117,7895385,6407743,1487643,1035796,55913,2265601,1195878,3324258,98989,98480,987098,193632,-12249,828140,1229157,8875268,5688849,2496118,3423248,0.551947072020859,0.215594501796353,0.125981854563645,0.0945972228538512
"2007Q4",26854800,87.875,88.669,12139700,89.235,91.59,14715058,7988896,6485268,1503628,1052587,54744,2289796,1208945,3252706,185817,97608,978763,208675,-15096,843819,1138936,8986739,5728319,2408887,3438523,0.547948895541952,0.21330708104324,0.121121959575197,0.089700425994608
"2008Q1",27030500,88.949,88.17,12324000,91.274,90.907,14706538,8067816,6552340,1515476,1045748,51941,2319795,1228881,3192668,132452,111964,964960,249248,-16103,828794,1053805,9061623,5644915,2363874,3325120,0.544071992748932,0.208835019699969,0.118113538410314,0.0874521004050979
"2008Q2",27583500,90.64,88.293,12717800,94.555,90.557,14865701,8066295,6544069,1522226,1054693,51660,2347200,1247703,3201371,247803,105541,967537,280963,-17118,837486,1026962,9069328,5796373,2363885,3449173,0.53893454420215,0.210139141153226,0.116061087244186,0.0856992404879729
"2008Q3",27489200,91.821,86.859,12590200,96.397,87.933,14898999,8085250,6558017,1527232,1058494,52000,2376040,1269297,3243221,187994,105628,957217,305248,-17088,884027,1008189,9091744,5807255,2359194,3431215,0.541994637894155,0.211255875034559,0.117981643700071,0.0858225775941097
"2008Q4",25996500,89.338,84.425,11388300,90.412,84.799,14608209,8055357,6529371,1525986,1040028,54626,2392814,1281083,2978088,196547,127991,951502,325642,-16602,856801,732754,9040759,5567450,2121287,3174636,0.561929836708788,0.214161521743312,0.114557267324448,0.0815989460119631
"2009Q1",24860800,87.598,82.339,10429900,86.451,81.213,14430902,7739385,6234589,1504796,1015911,55357,2387440,1276251,3075172,268350,120888,913805,326526,-15610,776050,953512,8699939,5730963,2299122,3343523,0.580468126528511,0.230522066868323,0.12369561719655,0.0924798075685416
"2009Q2",24692300,87.546,81.83,10311100,86.514,80.225,14381236,7770265,6262793,1507472,1017312,55465,2369055,1262815,3087187,192883,140736,902034,335906,-14241,719411,1003340,8732112,5649124,2367776,3280069,0.582417838759451,0.228780794012708,0.125026303746512,0.0958912697480591
"2009Q3",24940900,88.048,82.183,10492000,87.545,80.67,14448882,7754474,6245162,1509312,1028752,67069,2358981,1255888,3188502,185241,118224,935014,355890,-13562,669740,1123196,8716157,5732725,2518762,3373744,0.579324803836269,0.229852371005056,0.127842299195298,0.100989218512564
"2009Q4",25343200,88.897,82.713,10692000,89.153,80.727,14651249,7804640,6286581,1518059,1045298,55499,2369629,1259681,3366773,120407,120622,1001652,372046,-14810,659758,1227505,8794439,5856810,2707015,3487181,0.578113616275766,0.231099861106727,0.132847193724549,0.106814253922157
"2010Q1",25840200,89.775,83.512,11075600,90.872,82.048,14764610,7774624,6240243,1534381,1044645,54794,2374551,1261059,3513481,112103,126022,1057125,404881,-16282,646243,1295493,8764475,6000135,2867238,3625584,0.571381413456552,0.232201569647294,0.135969574538897,0.110960364083869
"2010Q2",26303100,90.168,84.638,11322900,91.225,83.559,14980193,7918168,6368230,1549938,1062140,55491,2382725,1266900,3558175,114476,122725,1103464,428875,-18455,621600,1299966,8924817,6055376,2936575,3672651,0.569521957487901,0.230215297816607,0.13527588002935,0.111643684584707
"2010Q3",26667700,90.446,85.548,11526100,91.504,84.8,15141607,7990231,6430527,1559704,1069075,56001,2391773,1271314,3741094,5434,129358,1128991,442603,-19556,584241,1475458,9003305,6138302,3156853,3746529,0.567788260704898,0.230177405625532,0.140285588933429,0.118377400375735
"2010Q4",27106900,91.349,86.096,11797400,92.929,85.463,15309474,8048854,6481441,1567413,1076434,56948,2412516,1283582,3782853,45765,127205,1144435,458324,-19889,588956,1483823,9068340,6241134,3193897,3828618,0.564781439412105,0.230241525220516,0.139553139606521,0.117825977887549
"2011Q1",27575900,92.606,86.395,12224400,95.238,86.404,15351448,8177679,6584872,1592807,1091504,58877,2437233,1299799,3711409,-7499,145512,1181207,489126,-19482,591599,1323447,9210306,6141142,3119810,3703909,0.556697986285126,0.22269960363941,0.13458886201357,0.113135382707364
"2011Q2",28009400,93.904,86.539,12451900,97.451,86.009,15557539,8214104,6615890,1598214,1105484,59902,2463587,1317501,3849809,-15544,130516,1211868,501353,-18309,580475,1443907,9259686,6297853,3269334,3834266,0.555439923739887,0.224847836797646,0.137447035638036,0.116722743079109
"2011Q3",28227600,94.258,86.885,12579900,97.55,86.804,15647680,8295333,6689659,1605674,1103878,60169,2487576,1333173,3873665,-52603,128038,1252105,510060,-17544,553859,1447146,9339042,6308638,3319806,3821062,0.554339724241522,0.22349183069053,0.137229697175814,0.117608510819198
"2011Q4",28388100,94.171,87.46,12545900,97.231,86.854,15842259,8248936,6645660,1603276,1114028,61083,2509057,1347675,4052834,-21513,116422,1268165,525626,-16031,573640,1585011,9301881,6540378,3479194,4031321,0.55805985606645,0.23039153729908,0.142765243182883,0.122558184591431
"2012Q1",28972100,94.798,88.668,12903300,97.967,88.66,16068805,8464321,6844206,1620114,1130876,58394,2538270,1368981,4199752,-206019,108356,1297683,526776,-14645,621629,1659954,9536803,6532002,3578123,3993732,0.554630316753014,0.225458354761995,0.144958494551655,0.123502369521022
"2012Q2",29018900,94.882,88.734,12811800,97.645,88.323,16207115,8512111,6884319,1627792,1133897,58058,2563894,1385523,4227820,-172549,97100,1308658,532464,-13969,640974,1662593,9587950,6619165,3586846,4055271,0.558502045218806,0.228098411724772,0.145691945594078,0.123603789254589
"2012Q3",29222100,95.187,89.069,12902600,97.674,88.923,16319541,8554266,6914235,1640032,1131325,56306,2590148,1401303,4109857,-9749,86507,1286792,536081,-13145,569003,1644617,9629285,6690256,3540854,4100108,0.558465716016303,0.228945079237974,0.140642082533425,0.121170415541662
"2012Q4",29715500,95.874,89.924,13295100,98.641,90.73,16420419,8770786,7101772,1669014,1148362,59391,2609909,1412310,4177028,-226277,90166,1306555,542554,-12824,608263,1642314,9859757,6560662,3568765,3950753,0.552587673099897,0.220782487254127,0.140567313354983,0.120097760428059
"2013Q1",29932500,96.429,90.06,13284300,99.411,89.953,16648189,8740945,7052213,1688733,1175409,59388,2633212,1423022,4221287,-63275,96964,1339638,562280,-12650,562264,1672790,9856966,6791223,3659023,4158011,0.556191063225591,0.226884590328239,0.141026877140232,0.122242478910883
"2013Q2",30234000,96.512,90.889,13505300,99.322,91.53,16728687,8828114,7111514,1716599,1179354,60106,2664353,1439018,4237058,-120085,101653,1364139,576295,-13977,543393,1665555,9947362,6781325,3693665,4116972,0.553307104584243,0.224294668254283,0.140142157835549,0.122169246543626
"2013Q3",30502600,96.939,91.292,13548800,99.696,91.479,16953838,8854208,7121511,1732697,1190191,59966,2694774,1454231,4267781,6850,102272,1363124,588613,-14221,551903,1676090,9984433,6969405,3715878,4274631,0.555816159933907,0.228485604505845,0.139915318694144,0.121821680774754
"2013Q4",30886000,97.272,92.122,13694000,99.801,92.361,17192019,8951284,7205135,1746150,1198340,59420,2734074,1474506,4310382,57358,128309,1340054,587559,-13725,553427,1714757,10090204,7101815,3756955,4367741,0.556628213430033,0.229936378941915,0.139557793174901,0.121639415916597
"2014Q1",31247000,98.123,92.391,14049300,101.264,93.387,17197738,9123341,7367727,1755614,1215936,58698,2774727,1495858,4258046,-115614,113706,1349446,594956,-10315,559952,1650300,10280579,6917159,3698094,4142432,0.550380452523442,0.221370339552597,0.136270553973181,0.118350369635485
"2014Q2",31724100,98.512,93.431,14205600,101.455,94.248,17518508,9181919,7418852,1763067,1234846,58475,2801795,1514201,4492656,-134233,118343,1376742,599082,-8953,575304,1832139,10358290,7160218,3917352,4358423,0.552214499386901,0.22570279377508,0.141616499758858,0.123481895467484
"2014Q3",32045300,98.616,94.276,14241100,101.188,94.733,17804228,9290227,7512630,1777597,1245624,58183,2838028,1534745,4613211,-124679,177269,1381932,600292,-7799,596602,1864915,10477668,7326560,4016609,4488532,0.555595609964644,0.228631343753998,0.143959051717413,0.125341594555208
"2014Q4",32166500,98.322,94.916,14254400,100.355,95.609,17912079,9443131,7643904,1799227,1254442,57002,2864191,1552439,4596551,-189234,132579,1371742,599679,-6831,614913,1884470,10640571,7271508,3981638,4407317,0.556855082150685,0.226058414810439,0.142898698956989,0.123782133586184
"2015Q1",31953500,97.332,95.245,13889900,98.105,95.3,18063529,9573603,7755938,1817665,1259103,55995,2891206,1569453,4545031,-149418,124316,1356127,588811,-4454,632318,1847912,10776711,7286818,3912713,4395612,0.565306742610356,0.228044439576259,0.142238909665608,0.122450216721173
"2015Q2",32281000,97.629,95.928,14001200,98.062,96.106,18279784,9676041,7840672,1835369,1270870,56442,2912862,1582579,4577734,-101282,133690,1339920,603074,-3569,672871,1831749,10890469,7389315,3904863,4476453,0.566270685542579,0.228906012824882,0.141808927852297,0.120964747064837
"2015Q3",32409900,97.498,96.441,14008200,97.422,96.784,18401626,9762001,7913262,1848739,1275845,57676,2936825,1595302,4543779,-59148,135027,1352322,606368,-2169,673226,1779005,10980170,7421456,3870553,4484631,0.567777932051626,0.228987315604183,0.140197254542593,0.119425021366928
"2015Q4",32291400,97.021,96.562,13856300,96.322,96.828,18435137,9826496,7968523,1857973,1287997,58654,2950860,1601550,4490480,-62042,222603,1342520,607153,-1195,666352,1653046,11055839,7379298,3824128,4428438,0.570899279684374,0.228522083279139,0.1390611741826,0.118425586998396
"2016Q1",32314400,96.63,97.024,13788500,95.529,97.154,18525933,9862415,8003469,1858946,1292489,60689,2961432,1606050,4536416,-66130,161419,1335886,611984,-440,669733,1757834,11094215,7431718,3866683,4470286,0.573302707152229,0.229981618102146,0.140383729854183,0.119658201916174
"2016Q2",32716700,97.32,97.536,14005000,96.258,97.936,18711702,9916161,8050156,1866004,1297521,62380,2994919,1623246,4484193,81289,166165,1333965,619124,-2521,658738,1708721,11151302,7560400,3825455,4565481,0.571931215556581,0.231086876121369,0.137061286743467,0.116926676590243
"2016Q3",33090400,97.882,98.085,14197800,97.176,98.354,18892639,10009604,8130424,1879180,1320127,62998,3020245,1635101,4513903,91759,147747,1355867,619876,-2655,662073,1730994,11266733,7625906,3851830,4605661,0.570940182046757,0.230456748785146,0.136411255228102,0.116403246863139
"2016Q4",33471000,98.523,98.568,14381600,97.957,98.845,19089379,10120203,8224858,1895345,1326366,60924,3055839,1655231,4543172,104723,174717,1371136,623910,-3001,676354,1700056,11385645,7703734,3866818,4647895,0.570325923934152,0.230161453198291,0.135734576200293,0.11552741178931
"2017Q1",33957800,99.427,99.092,14677700,99.282,99.549,19280084,10234606,8321309,1913297,1336928,59353,3089409,1675843,4635425,43069,155911,1409373,633854,-4176,719380,1721084,11512181,7767903,3916045,4678494,0.567765991907603,0.228751656467733,0.136505456772818,0.115320927739724
"2017Q2",34180300,99.817,99.351,14741600,99.862,99.397,19438643,10346597,8412804,1933793,1353479,58042,3128974,1698020,4634921,32713,146284,1419731,634271,-4525,715577,1723584,11642034,7796609,3919344,4667635,0.568708963935366,0.228102415718996,0.135602115838656,0.114666752486081
"2017Q3",34494800,100.076,100.006,14802200,99.979,99.661,19692595,10489187,8529079,1960108,1371965,61912,3170459,1721284,4631928,90967,129494,1423933,643753,-4449,721180,1718016,11799240,7893355,3910748,4722896,0.570885901643146,0.228827388475944,0.134279021765599,0.11337210246182
"2017Q4",35239700,100.679,101.551,15202600,100.877,101.393,20037088,10669524,8676874,1992650,1393513,60192,3206970,1742105,4722414,104858,140013,1461500,656233,-3860,725840,1742688,12002845,8034243,3996574,4827273,0.568594170778979,0.227988405122632,0.134008348538722,0.113411124385281
"2018Q1",35798600,101.235,102.589,15470000,101.774,102.186,20328553,10793160,8772662,2020498,1423291,58705,3249473,1760066,4797737,123596,146597,1472227,663498,-3170,746232,1772353,12157746,8170807,4051505,4921334,0.567858882749605,0.228243758135793,0.134020241015012,0.113174956562547
"2018Q2",36376700,102.088,103.376,15795800,102.685,103.436,20580912,10901138,8853506,2047632,1440928,58236,3295191,1783075,4891180,110712,145723,1479569,669037,-2965,753782,1846034,12283830,8297082,4137398,5001891,0.56577182647134,0.228087814452658,0.13445914555196,0.11373758477267
"2018Q3",36799300,103.332,103.323,16000600,104.27,103.308,20798730,11052538,8979529,2073009,1463593,57831,3334438,1805098,4968099,37894,172041,1499864,679784,-4450,752051,1868808,12458300,8340430,4216048,5005992,0.565193631400597,0.226646430774498,0.135005258252195,0.114568701035074
"2018Q4",37043400,105.107,102.241,16125600,106.488,102.142,20917867,11123918,9034733,2089185,1500564,78508,3371311,1826023,5019029,-18447,158881,1529663,673633,-7781,773520,1891113,12545974,8371893,4245509,5000582,0.564685396048959,0.226002283807642,0.135490505731115,0.114609053164666
"2019Q1",37142200,103.82,103.792,16030600,104.467,103.287,21111600,11340453,9233277,2107177,1508328,69054,3418317,1857330,5013214,-99658,170691,1533982,674440,-13307,772025,1875383,12779727,8331873,4241189,4913556,0.56839928706431,0.22432362649493,0.134973534147143,0.114187877939379
"2019Q2",37578400,104.302,104.526,16180400,104.882,103.84,21397938,11400573,9285008,2115565,1520200,58870,3462789,1885207,5044702,28543,164621,1535592,682800,-14919,770067,1906540,12861903,8536035,4274635,5073246,0.569421210056841,0.227152699423073,0.134244725693484,0.113752448214932
"2019Q3",37897300,104.413,105.303,16180200,104.688,104.036,21717171,11465005,9340972,2124033,1553580,81198,3499797,1904920,5120509,159479,167456,1570867,690231,-12946,736816,1968085,12937387,8779784,4383693,5279987,0.573053251814773,0.231673074335111,0.135115403999757,0.115672963509274
"2019Q4",38013900,104.568,105.476,16080700,104.591,103.503,21933217,11627855,9488760,2139095,1552419,82703,3529160,1919866,5166693,139794,142815,1582660,706257,-7390,739178,2003175,13097571,8835646,4427515,5306486,0.576978868256085,0.232431978828797,0.135915888661779,0.116470948784524
"2020Q1",37604700,104.724,104.193,15877000,104.261,102.532,21727657,11787635,9636477,2151158,1557190,80655,3570155,1944023,4925828,-32497,134476,1577748,729272,-966,732744,1752554,13264170,8463487,4193084,4893332,0.57779099421083,0.225064606285916,0.130989690118522,0.111504253457679
"2020Q2",34143900,103.801,95.451,14208400,102.577,93.27,19935444,11057118,9005306,2051812,1418030,1032423,3600747,1961434,4746467,145505,135777,1424427,731152,-1029,770075,1686066,11442725,8492719,3976392,4891972,0.583865463523499,0.248733126561406,0.139013615902108,0.116459806876192
"2020Q3",36962700,105.053,102.106,15278100,104.289,98.652,21684551,11575053,9441812,2133241,1539446,1163936,3636575,1971982,5674832,422581,153562,1705797,744619,-5975,752891,2323938,11950563,9733988,4921941,6097413,0.586660363014607,0.263346238234761,0.153528611275691,0.133159671777224
"2020Q4",38129300,106.232,104.165,16060500,106.098,101.939,22068767,11996330,9809468,2186862,1570395,517024,3686528,1994197,5437601,-105063,160420,1668104,747404,-1467,761603,2101537,13049701,9019066,4675998,5332538,0.57878762526456,0.236538987078179,0.142609515516938,0.122635296215771
"2021Q1",39667500,108.215,106.384,17010700,108.955,105.136,22656793,12099379,9889820,2209559,1598319,520672,3730710,2005151,5778826,-29768,170204,1697548,745556,-10877,737732,2438662,13177026,9479767,5041094,5749057,0.571167656141678,0.238980702086091,0.145681628537216,0.12708373353501
"2021Q2",41275700,110.929,107.989,17906800,113.092,106.622,23368861,12414538,10182486,2232052,1704781,830652,3813220,2039619,6236976,29999,186840,1845547,761599,-14180,693384,2763786,13288667,10080194,5543592,6266974,0.566165104407678,0.244216185310001,0.151105275016535,0.13430643211381
"2021Q3",42423800,113.147,108.814,18501800,116.108,107.298,23921991,12714190,10462844,2251346,1722145,674084,3914446,2088694,6270975,-25681,200309,1867123,781163,-11713,686670,2747423,13762251,10159740,5584305,6245294,0.563881382620133,0.239482083170296,0.147817380809828,0.131631419156228
"2021Q4",43870300,115.354,110.364,19093300,118.708,108.296,24777038,13044722,10771972,2272750,1775111,414060,4027084,2147762,6312357,31823,212311,1850846,800717,-7355,704043,2751795,14405773,10371265,5608314,6344181,0.56477931539105,0.236407432819014,0.143886798129942,0.127838514895043
"2022Q1",45200300,118.331,110.838,19984800,122.621,109.725,25215491,13191127,10909675,2281452,1812445,151471,4154957,2207050,6348157,-139723,217339,1833323,814312,-1755,746192,2738745,14852101,10363390,5601965,6208433,0.557861142514541,0.229277018072889,0.140445019170227,0.123936456173963
"2022Q2",46678500,121.597,111.38,20872700,126.744,110.863,25805791,13304822,11012874,2291948,1853202,129959,4278678,2268949,6605908,-106859,260053,1850050,858214,-3613,764279,2876924,15028065,10777726,5841629,6499048,0.552841051019206,0.230892723630794,0.141519286181004,0.125146030827897
"2022Q3",47266600,122.319,112.113,20994600,126.668,111.572,26272011,13622032,11296312,2325720,1868471,119107,4379270,2321728,6704003,-182659,247891,1895345,889462,-8613,729175,2950743,15371396,10900615,5974828,6521345,0.555826122462796,0.230619824569569,0.141833831923599,0.126406976596582
"2022Q4",47388500,122.327,112.393,20654300,125.221,111.029,26734277,13698422,11343140,2355282,1866872,111454,4440577,2357200,6712963,126897,255630,1915501,919077,-17488,719177,2921066,15453840,11280437,5993786,6839860,0.564151154816042,0.238041655675955,0.14165806049991,0.126481867963746
"2023Q1",47885400,122.539,113.375,20721000,124.256,112.252,27164359,13902006,11499275,2402732,1877440,104485,4510565,2409394,6778964,199869,224791,1934669,963627,-25324,740045,2941158,15674961,11489398,6038919,6978833,0.567278523307731,0.239935303871326,0.141566406462095,0.126111904672405
"2023Q2",47971700,122.323,113.781,20517900,123.019,112.269,27453815,14104058,11660403,2443655,1885208,102475,4558937,2441066,6783568,224519,227116,1936569,984089,-31582,713966,2953411,15886791,11567024,6069602,7008087,0.572291892928539,0.241121828077804,0.141407704959382,0.126524638484773
"2023Q3",48657500,123.106,114.674,20689800,123.564,112.709,27967697,14330942,11843456,2487486,1896191,104653,4613042,2466482,6892394,339782,247605,1954590,994985,-35943,651472,3079685,16122480,11845217,6240922,7232175,0.574786970148487,0.243440723423933,0.141651215126137,0.128262282279196
"2023Q4",49032600,123.379,115.302,20735600,123.57,112.954,28296967,14501266,11975364,2525902,1913603,99617,4668451,2501595,7098955,214308,245275,1970147,1013617,-38185,654464,3253638,16315252,11981715,6444491,7313264,0.577105170845519,0.244362220237148,0.14478030942679,0.131432781455603
"2024Q1",49705600,124.211,116.101,21081500,124.272,114.189,28624069,14843521,12270740,2572782,1937952,96848,4714085,2533056,7100502,124857,311668,1972137,1046118,-40482,624893,3186167,16684625,11939444,6475609,7225359,0.575872115013198,0.240203196420524,0.142851147556815,0.130279264308247
"2024Q2",50260700,125.031,116.629,21244000,125.148,114.264,29016714,14966097,12363500,2602597,1954728,94400,4781017,2574186,7214438,194835,259838,2002294,1053412,-41758,603244,3337409,16826425,12190289,6611194,7409272,0.577324112079617,0.242541170337858,0.143540340663779,0.13153804065602
"2024Q3",50898500,125.631,117.544,21523600,125.761,115.203,29374914,15057047,12425052,2631994,1975885,92795,4853893,2616435,7261331,319552,282372,2013512,1055680,-40215,584717,3365266,16940137,12434777,6676614,7580884,0.577127302376298,0.244305372456949,0.142662966492136,0.131175064098156
"2024Q4",51454200,126.456,118.053,21730400,126.71,115.438,29723864,15295761,12627793,2667968,2004150,94189,4916043,2656430,7472721,129378,308186,2035507,1072237,-39661,608679,3487773,17205722,12518142,6864042,7602099,0.577676146942329,0.243287078605828,0.145230535116667,0.133401005165759
"2025Q1",52046000,127.728,118.221,22084000,128.124,116.022,29962047,15497651,12788675,2708976,2037206,104799,4963584,2681973,7492015,76389,313379,2053213,1091751,-37018,635538,3435152,17430058,12531989,6856477,7568405,0.575683952657265,0.240786784767321,0.143949871267725,0.131738788763786
"2025Q2",NA,NA,NA,NA,NA,NA,30331117,15690123,12941105,2749018,2229911,117265,5021615,2720505,NA,NA,305412,2070452,1090658,-38878,NA,NA,17802769,12528348,NA,7506733,NA,NA,NA,NA
